<?xml version="1.0" encoding="UTF-8"?><gpx version="1.1" creator="https://www.bosch-ebike.com/" xmlns="http://www.topografix.com/GPX/1/1" xmlns:xsi="http://www.w3.org/2001/XMLSchema-instance" xsi:schemaLocation="http://www.topografix.com/GPX/1/1 https://www.topografix.com/GPX/1/1/gpx.xsd"><metadata><name>Tübingen Rundfahrt</name></metadata><trk><trkseg><trkpt lat="48.54066" lon="9.01525"><ele>427.17</ele><time>2026-01-21T09:16:20.866950989Z</time></trkpt><trkpt lat="48.54067" lon="9.01523"><ele>426.91</ele><time>2026-01-21T09:16:22.876608968Z</time></trkpt><trkpt lat="48.54066" lon="9.01522"><ele>426.76</ele><time>2026-01-21T09:16:23.868513942Z</time></trkpt><trkpt lat="48.54068" lon="9.01517"><ele>426.39</ele><time>2026-01-21T09:16:25.879886985Z</time></trkpt><trkpt lat="48.54066" lon="9.01518"><ele>426.21</ele><time>2026-01-21T09:16:27.021396995Z</time></trkpt><trkpt lat="48.54066" lon="9.01521"><ele>426.04</ele><time>2026-01-21T09:16:28.114091992Z</time></trkpt><trkpt lat="48.54066" lon="9.01524"><ele>425.89</ele><time>2026-01-21T09:16:28.944115043Z</time></trkpt><trkpt lat="48.54067" lon="9.01528"><ele>425.75</ele><time>2026-01-21T09:16:30.030297041Z</time></trkpt><trkpt lat="48.54068" lon="9.01532"><ele>425.63</ele><time>2026-01-21T09:16:30.956222057Z</time></trkpt><trkpt lat="48.54069" lon="9.01539"><ele>425.51</ele><time>2026-01-21T09:16:32.027276039Z</time></trkpt><trkpt lat="48.54071" lon="9.01545"><ele>425.4</ele><time>2026-01-21T09:16:32.834365964Z</time></trkpt><trkpt lat="48.54072" lon="9.01552"><ele>425.27</ele><time>2026-01-21T09:16:33.900321007Z</time></trkpt><trkpt lat="48.54074" lon="9.01559"><ele>425.14</ele><time>2026-01-21T09:16:34.966037035Z</time></trkpt><trkpt lat="48.54076" lon="9.01567"><ele>424.99</ele><time>2026-01-21T09:16:36.022042990Z</time></trkpt><trkpt lat="48.54078" lon="9.01576"><ele>424.83</ele><time>2026-01-21T09:16:37.054401994Z</time></trkpt><trkpt lat="48.54079" lon="9.01585"><ele>424.68</ele><time>2026-01-21T09:16:38.035033941Z</time></trkpt><trkpt lat="48.54082" lon="9.01594"><ele>424.51</ele><time>2026-01-21T09:16:39.030661941Z</time></trkpt><trkpt lat="48.54082" lon="9.01598"><ele>424.32</ele><time>2026-01-21T09:16:40.037819982Z</time></trkpt><trkpt lat="48.54085" lon="9.01613"><ele>424.09</ele><time>2026-01-21T09:16:41.032328963Z</time></trkpt><trkpt lat="48.54085" lon="9.01614"><ele>423.84</ele><time>2026-01-21T09:16:42.061169028Z</time></trkpt><trkpt lat="48.54086" lon="9.01634"><ele>423.84</ele><time>2026-01-21T09:16:42.964028001Z</time></trkpt><trkpt lat="48.54088" lon="9.01643"><ele>423.24</ele><time>2026-01-21T09:16:43.984447956Z</time></trkpt><trkpt lat="48.54092" lon="9.01651"><ele>422.9</ele><time>2026-01-21T09:16:45.034700990Z</time></trkpt><trkpt lat="48.54095" lon="9.01658"><ele>422.56</ele><time>2026-01-21T09:16:46.044672966Z</time></trkpt><trkpt lat="48.54093" lon="9.01657"><ele>422.19</ele><time>2026-01-21T09:16:47.042170048Z</time></trkpt><trkpt lat="48.54091" lon="9.01677"><ele>421.82</ele><time>2026-01-21T09:16:48.040644050Z</time></trkpt><trkpt lat="48.5409" lon="9.01686"><ele>421.46</ele><time>2026-01-21T09:16:49.041870952Z</time></trkpt><trkpt lat="48.54086" lon="9.01694"><ele>421.09</ele><time>2026-01-21T09:16:49.866287947Z</time></trkpt><trkpt lat="48.54082" lon="9.01701"><ele>420.72</ele><time>2026-01-21T09:16:50.928213Z</time></trkpt><trkpt lat="48.54076" lon="9.01707"><ele>420.36</ele><time>2026-01-21T09:16:51.983597040Z</time></trkpt><trkpt lat="48.54069" lon="9.0171"><ele>419.99</ele><time>2026-01-21T09:16:53.043645024Z</time></trkpt><trkpt lat="48.54063" lon="9.01714"><ele>419.68</ele><time>2026-01-21T09:16:54.042567968Z</time></trkpt><trkpt lat="48.5406" lon="9.01715"><ele>419.35</ele><time>2026-01-21T09:16:55.037639976Z</time></trkpt><trkpt lat="48.54054" lon="9.0172"><ele>418.99</ele><time>2026-01-21T09:16:56.033879995Z</time></trkpt><trkpt lat="48.54049" lon="9.01724"><ele>418.61</ele><time>2026-01-21T09:16:57.037889957Z</time></trkpt><trkpt lat="48.54044" lon="9.01729"><ele>418.23</ele><time>2026-01-21T09:16:58.039793015Z</time></trkpt><trkpt lat="48.54041" lon="9.01731"><ele>417.83</ele><time>2026-01-21T09:16:58.928323984Z</time></trkpt><trkpt lat="48.54035" lon="9.01735"><ele>417.43</ele><time>2026-01-21T09:17:00.043892026Z</time></trkpt><trkpt lat="48.54028" lon="9.01738"><ele>417.03</ele><time>2026-01-21T09:17:01.039744973Z</time></trkpt><trkpt lat="48.5402" lon="9.01742"><ele>416.62</ele><time>2026-01-21T09:17:02.043020964Z</time></trkpt><trkpt lat="48.54014" lon="9.01744"><ele>416.24</ele><time>2026-01-21T09:17:03.038164020Z</time></trkpt><trkpt lat="48.54005" lon="9.01746"><ele>415.87</ele><time>2026-01-21T09:17:04.041226029Z</time></trkpt><trkpt lat="48.53998" lon="9.01749"><ele>415.5</ele><time>2026-01-21T09:17:05.035593033Z</time></trkpt><trkpt lat="48.53989" lon="9.0175"><ele>415.14</ele><time>2026-01-21T09:17:06.043020010Z</time></trkpt><trkpt lat="48.53979" lon="9.01752"><ele>414.76</ele><time>2026-01-21T09:17:06.886245966Z</time></trkpt><trkpt lat="48.5397" lon="9.01754"><ele>414.33</ele><time>2026-01-21T09:17:07.941275001Z</time></trkpt><trkpt lat="48.53962" lon="9.01755"><ele>413.87</ele><time>2026-01-21T09:17:09.006415963Z</time></trkpt><trkpt lat="48.53954" lon="9.01757"><ele>413.37</ele><time>2026-01-21T09:17:10.043859005Z</time></trkpt><trkpt lat="48.53947" lon="9.01759"><ele>412.94</ele><time>2026-01-21T09:17:11.041921020Z</time></trkpt><trkpt lat="48.53939" lon="9.01761"><ele>412.48</ele><time>2026-01-21T09:17:12.046326995Z</time></trkpt><trkpt lat="48.53931" lon="9.01764"><ele>411.99</ele><time>2026-01-21T09:17:13.042696953Z</time></trkpt><trkpt lat="48.53916" lon="9.01766"><ele>411.47</ele><time>2026-01-21T09:17:14.043077946Z</time></trkpt><trkpt lat="48.53907" lon="9.0177"><ele>410.94</ele><time>2026-01-21T09:17:15.033839941Z</time></trkpt><trkpt lat="48.53897" lon="9.01774"><ele>410.19</ele><time>2026-01-21T09:17:16.039006948Z</time></trkpt><trkpt lat="48.53888" lon="9.01779"><ele>409.44</ele><time>2026-01-21T09:17:17.036856055Z</time></trkpt><trkpt lat="48.53881" lon="9.01784"><ele>408.69</ele><time>2026-01-21T09:17:18.035544991Z</time></trkpt><trkpt lat="48.53872" lon="9.01789"><ele>407.95</ele><time>2026-01-21T09:17:19.035109043Z</time></trkpt><trkpt lat="48.53864" lon="9.01795"><ele>407.2</ele><time>2026-01-21T09:17:20.032788038Z</time></trkpt><trkpt lat="48.53857" lon="9.018"><ele>406.45</ele><time>2026-01-21T09:17:21.031352043Z</time></trkpt><trkpt lat="48.5385" lon="9.01806"><ele>405.68</ele><time>2026-01-21T09:17:22.033450961Z</time></trkpt><trkpt lat="48.53841" lon="9.01813"><ele>404.91</ele><time>2026-01-21T09:17:22.842318058Z</time></trkpt><trkpt lat="48.53833" lon="9.0182"><ele>404.13</ele><time>2026-01-21T09:17:23.897277951Z</time></trkpt><trkpt lat="48.53827" lon="9.01825"><ele>403.34</ele><time>2026-01-21T09:17:24.962463975Z</time></trkpt><trkpt lat="48.53823" lon="9.01829"><ele>402.53</ele><time>2026-01-21T09:17:26.027686954Z</time></trkpt><trkpt lat="48.53819" lon="9.01833"><ele>401.73</ele><time>2026-01-21T09:17:26.922104001Z</time></trkpt><trkpt lat="48.53815" lon="9.01837"><ele>401.09</ele><time>2026-01-21T09:17:28.041118026Z</time></trkpt><trkpt lat="48.5381" lon="9.01842"><ele>400.43</ele><time>2026-01-21T09:17:29.039772987Z</time></trkpt><trkpt lat="48.53806" lon="9.01849"><ele>399.75</ele><time>2026-01-21T09:17:30.042904973Z</time></trkpt><trkpt lat="48.53802" lon="9.01853"><ele>399.06</ele><time>2026-01-21T09:17:31.039991021Z</time></trkpt><trkpt lat="48.53798" lon="9.01857"><ele>398.42</ele><time>2026-01-21T09:17:32.043946981Z</time></trkpt><trkpt lat="48.53794" lon="9.0186"><ele>397.8</ele><time>2026-01-21T09:17:32.965648055Z</time></trkpt><trkpt lat="48.53789" lon="9.01864"><ele>397.22</ele><time>2026-01-21T09:17:33.823393941Z</time></trkpt><trkpt lat="48.53782" lon="9.01868"><ele>396.7</ele><time>2026-01-21T09:17:34.901502967Z</time></trkpt><trkpt lat="48.53773" lon="9.01872"><ele>396.23</ele><time>2026-01-21T09:17:36.044031024Z</time></trkpt><trkpt lat="48.53765" lon="9.01874"><ele>395.8</ele><time>2026-01-21T09:17:36.970947027Z</time></trkpt><trkpt lat="48.53757" lon="9.01875"><ele>395.4</ele><time>2026-01-21T09:17:37.782111049Z</time></trkpt><trkpt lat="48.5375" lon="9.01876"><ele>395.03</ele><time>2026-01-21T09:17:39.041501045Z</time></trkpt><trkpt lat="48.53744" lon="9.01877"><ele>394.68</ele><time>2026-01-21T09:17:39.852969050Z</time></trkpt><trkpt lat="48.5374" lon="9.01879"><ele>394.35</ele><time>2026-01-21T09:17:40.918115020Z</time></trkpt><trkpt lat="48.53736" lon="9.0188"><ele>394.03</ele><time>2026-01-21T09:17:41.983028054Z</time></trkpt><trkpt lat="48.53727" lon="9.01883"><ele>393.71</ele><time>2026-01-21T09:17:43.049970984Z</time></trkpt><trkpt lat="48.53716" lon="9.01886"><ele>393.45</ele><time>2026-01-21T09:17:44.047039986Z</time></trkpt><trkpt lat="48.53705" lon="9.01886"><ele>393.18</ele><time>2026-01-21T09:17:45.045529008Z</time></trkpt><trkpt lat="48.53698" lon="9.01886"><ele>392.91</ele><time>2026-01-21T09:17:46.044273019Z</time></trkpt><trkpt lat="48.53691" lon="9.01887"><ele>392.64</ele><time>2026-01-21T09:17:47.048217058Z</time></trkpt><trkpt lat="48.53683" lon="9.01888"><ele>392.36</ele><time>2026-01-21T09:17:48.045469999Z</time></trkpt><trkpt lat="48.53677" lon="9.01889"><ele>392.07</ele><time>2026-01-21T09:17:49.047024012Z</time></trkpt><trkpt lat="48.5367" lon="9.0189"><ele>391.77</ele><time>2026-01-21T09:17:50.047052979Z</time></trkpt><trkpt lat="48.53662" lon="9.01891"><ele>391.46</ele><time>2026-01-21T09:17:51.043619037Z</time></trkpt><trkpt lat="48.53653" lon="9.01893"><ele>391.12</ele><time>2026-01-21T09:17:52.057726026Z</time></trkpt><trkpt lat="48.53645" lon="9.01896"><ele>390.75</ele><time>2026-01-21T09:17:53.044111967Z</time></trkpt><trkpt lat="48.53637" lon="9.01898"><ele>390.36</ele><time>2026-01-21T09:17:54.041368008Z</time></trkpt><trkpt lat="48.53629" lon="9.01901"><ele>389.95</ele><time>2026-01-21T09:17:55.041439056Z</time></trkpt><trkpt lat="48.53622" lon="9.01904"><ele>389.52</ele><time>2026-01-21T09:17:56.043244004Z</time></trkpt><trkpt lat="48.53613" lon="9.01909"><ele>389.08</ele><time>2026-01-21T09:17:56.873353958Z</time></trkpt><trkpt lat="48.53605" lon="9.01913"><ele>388.62</ele><time>2026-01-21T09:17:57.938444972Z</time></trkpt><trkpt lat="48.53597" lon="9.01918"><ele>388.16</ele><time>2026-01-21T09:17:59.003507018Z</time></trkpt><trkpt lat="48.53588" lon="9.01924"><ele>387.69</ele><time>2026-01-21T09:18:00.041802049Z</time></trkpt><trkpt lat="48.53581" lon="9.0193"><ele>387.29</ele><time>2026-01-21T09:18:01.044085979Z</time></trkpt><trkpt lat="48.53574" lon="9.01936"><ele>386.89</ele><time>2026-01-21T09:18:02.040359974Z</time></trkpt><trkpt lat="48.53568" lon="9.01943"><ele>386.47</ele><time>2026-01-21T09:18:02.862054944Z</time></trkpt><trkpt lat="48.53561" lon="9.0195"><ele>386.03</ele><time>2026-01-21T09:18:03.880746007Z</time></trkpt><trkpt lat="48.53554" lon="9.01958"><ele>385.57</ele><time>2026-01-21T09:18:04.901110053Z</time></trkpt><trkpt lat="48.53547" lon="9.01966"><ele>385.1</ele><time>2026-01-21T09:18:05.891342998Z</time></trkpt><trkpt lat="48.5354" lon="9.01975"><ele>384.61</ele><time>2026-01-21T09:18:06.881168008Z</time></trkpt><trkpt lat="48.53534" lon="9.01983"><ele>384.1</ele><time>2026-01-21T09:18:07.879228950Z</time></trkpt><trkpt lat="48.53526" lon="9.01992"><ele>383.57</ele><time>2026-01-21T09:18:08.891265035Z</time></trkpt><trkpt lat="48.5352" lon="9.02001"><ele>383.03</ele><time>2026-01-21T09:18:09.882145047Z</time></trkpt><trkpt lat="48.53513" lon="9.0201"><ele>382.49</ele><time>2026-01-21T09:18:10.902089Z</time></trkpt><trkpt lat="48.53506" lon="9.02019"><ele>381.94</ele><time>2026-01-21T09:18:11.892387986Z</time></trkpt><trkpt lat="48.53499" lon="9.02028"><ele>381.39</ele><time>2026-01-21T09:18:12.828567028Z</time></trkpt><trkpt lat="48.53492" lon="9.02038"><ele>380.85</ele><time>2026-01-21T09:18:13.872272968Z</time></trkpt><trkpt lat="48.53485" lon="9.02047"><ele>380.31</ele><time>2026-01-21T09:18:14.747766972Z</time></trkpt><trkpt lat="48.53478" lon="9.02056"><ele>379.61</ele><time>2026-01-21T09:18:15.882240057Z</time></trkpt><trkpt lat="48.53471" lon="9.02064"><ele>378.93</ele><time>2026-01-21T09:18:16.904651046Z</time></trkpt><trkpt lat="48.53465" lon="9.02073"><ele>378.37</ele><time>2026-01-21T09:18:17.892230988Z</time></trkpt><trkpt lat="48.53458" lon="9.02081"><ele>377.84</ele><time>2026-01-21T09:18:18.912333012Z</time></trkpt><trkpt lat="48.53451" lon="9.0209"><ele>377.33</ele><time>2026-01-21T09:18:19.902245045Z</time></trkpt><trkpt lat="48.53444" lon="9.02099"><ele>376.85</ele><time>2026-01-21T09:18:20.892518044Z</time></trkpt><trkpt lat="48.53437" lon="9.02106"><ele>376.37</ele><time>2026-01-21T09:18:21.761078Z</time></trkpt><trkpt lat="48.53424" lon="9.02122"><ele>375.9</ele><time>2026-01-21T09:18:22.902295947Z</time></trkpt><trkpt lat="48.5342" lon="9.02131"><ele>375.44</ele><time>2026-01-21T09:18:23.892444968Z</time></trkpt><trkpt lat="48.53415" lon="9.02138"><ele>374.98</ele><time>2026-01-21T09:18:24.769255996Z</time></trkpt><trkpt lat="48.53409" lon="9.02143"><ele>374.54</ele><time>2026-01-21T09:18:26.021772981Z</time></trkpt><trkpt lat="48.53403" lon="9.02148"><ele>374.12</ele><time>2026-01-21T09:18:27.038683057Z</time></trkpt><trkpt lat="48.53397" lon="9.02151"><ele>373.73</ele><time>2026-01-21T09:18:28.040132999Z</time></trkpt><trkpt lat="48.5339" lon="9.02154"><ele>373.37</ele><time>2026-01-21T09:18:29.038110971Z</time></trkpt><trkpt lat="48.53384" lon="9.02157"><ele>373.04</ele><time>2026-01-21T09:18:29.838781953Z</time></trkpt><trkpt lat="48.53377" lon="9.0216"><ele>372.74</ele><time>2026-01-21T09:18:30.903831005Z</time></trkpt><trkpt lat="48.53371" lon="9.02163"><ele>372.46</ele><time>2026-01-21T09:18:31.968745947Z</time></trkpt><trkpt lat="48.53363" lon="9.02165"><ele>372.18</ele><time>2026-01-21T09:18:33.033650994Z</time></trkpt><trkpt lat="48.53357" lon="9.02167"><ele>371.92</ele><time>2026-01-21T09:18:34.041473985Z</time></trkpt><trkpt lat="48.53351" lon="9.02169"><ele>371.7</ele><time>2026-01-21T09:18:35.040364981Z</time></trkpt><trkpt lat="48.53344" lon="9.02171"><ele>371.49</ele><time>2026-01-21T09:18:36.047917962Z</time></trkpt><trkpt lat="48.53337" lon="9.02173"><ele>371.28</ele><time>2026-01-21T09:18:37.042361021Z</time></trkpt><trkpt lat="48.53332" lon="9.02175"><ele>371.09</ele><time>2026-01-21T09:18:37.842563033Z</time></trkpt><trkpt lat="48.53325" lon="9.02178"><ele>370.9</ele><time>2026-01-21T09:18:39.010861993Z</time></trkpt><trkpt lat="48.53318" lon="9.02179"><ele>370.73</ele><time>2026-01-21T09:18:39.853212953Z</time></trkpt><trkpt lat="48.53312" lon="9.02181"><ele>370.56</ele><time>2026-01-21T09:18:40.811473966Z</time></trkpt><trkpt lat="48.53306" lon="9.02182"><ele>370.41</ele><time>2026-01-21T09:18:42.037968040Z</time></trkpt><trkpt lat="48.533" lon="9.02184"><ele>370.25</ele><time>2026-01-21T09:18:42.974205017Z</time></trkpt><trkpt lat="48.53293" lon="9.02186"><ele>370.1</ele><time>2026-01-21T09:18:44.042425036Z</time></trkpt><trkpt lat="48.53286" lon="9.02187"><ele>369.94</ele><time>2026-01-21T09:18:44.803398967Z</time></trkpt><trkpt lat="48.53279" lon="9.02188"><ele>369.79</ele><time>2026-01-21T09:18:45.790897012Z</time></trkpt><trkpt lat="48.53273" lon="9.02189"><ele>369.64</ele><time>2026-01-21T09:18:46.858067036Z</time></trkpt><trkpt lat="48.53267" lon="9.0219"><ele>369.49</ele><time>2026-01-21T09:18:47.742727995Z</time></trkpt><trkpt lat="48.53261" lon="9.0219"><ele>369.33</ele><time>2026-01-21T09:18:48.830239058Z</time></trkpt><trkpt lat="48.53255" lon="9.02191"><ele>369.19</ele><time>2026-01-21T09:18:49.780923963Z</time></trkpt><trkpt lat="48.53249" lon="9.02191"><ele>369.07</ele><time>2026-01-21T09:18:50.891335011Z</time></trkpt><trkpt lat="48.53243" lon="9.02192"><ele>368.96</ele><time>2026-01-21T09:18:51.880403996Z</time></trkpt><trkpt lat="48.53237" lon="9.02193"><ele>368.88</ele><time>2026-01-21T09:18:52.749820948Z</time></trkpt><trkpt lat="48.53231" lon="9.02194"><ele>368.81</ele><time>2026-01-21T09:18:53.860471964Z</time></trkpt><trkpt lat="48.53225" lon="9.02195"><ele>368.77</ele><time>2026-01-21T09:18:54.881438971Z</time></trkpt><trkpt lat="48.53219" lon="9.02197"><ele>368.76</ele><time>2026-01-21T09:18:55.900954008Z</time></trkpt><trkpt lat="48.53213" lon="9.022"><ele>368.77</ele><time>2026-01-21T09:18:56.891602993Z</time></trkpt><trkpt lat="48.53207" lon="9.02202"><ele>368.78</ele><time>2026-01-21T09:18:57.859724998Z</time></trkpt><trkpt lat="48.53201" lon="9.02205"><ele>368.8</ele><time>2026-01-21T09:18:58.900992990Z</time></trkpt><trkpt lat="48.53194" lon="9.02207"><ele>368.8</ele><time>2026-01-21T09:18:59.861207962Z</time></trkpt><trkpt lat="48.53187" lon="9.02211"><ele>368.78</ele><time>2026-01-21T09:19:00.761553049Z</time></trkpt><trkpt lat="48.5318" lon="9.02214"><ele>368.74</ele><time>2026-01-21T09:19:01.901347995Z</time></trkpt><trkpt lat="48.53172" lon="9.02218"><ele>368.65</ele><time>2026-01-21T09:19:02.890110016Z</time></trkpt><trkpt lat="48.53164" lon="9.02221"><ele>368.52</ele><time>2026-01-21T09:19:03.867555022Z</time></trkpt><trkpt lat="48.53157" lon="9.02225"><ele>368.34</ele><time>2026-01-21T09:19:04.901002049Z</time></trkpt><trkpt lat="48.53149" lon="9.02229"><ele>368.11</ele><time>2026-01-21T09:19:05.891352057Z</time></trkpt><trkpt lat="48.53141" lon="9.02232"><ele>367.83</ele><time>2026-01-21T09:19:06.881564021Z</time></trkpt><trkpt lat="48.53134" lon="9.02236"><ele>367.59</ele><time>2026-01-21T09:19:07.903893948Z</time></trkpt><trkpt lat="48.53126" lon="9.0224"><ele>367.3</ele><time>2026-01-21T09:19:08.890938044Z</time></trkpt><trkpt lat="48.53118" lon="9.02244"><ele>366.98</ele><time>2026-01-21T09:19:09.880929947Z</time></trkpt><trkpt lat="48.5311" lon="9.02248"><ele>366.62</ele><time>2026-01-21T09:19:10.870882034Z</time></trkpt><trkpt lat="48.53102" lon="9.02252"><ele>366.24</ele><time>2026-01-21T09:19:11.891438007Z</time></trkpt><trkpt lat="48.53094" lon="9.02256"><ele>365.83</ele><time>2026-01-21T09:19:12.882603049Z</time></trkpt><trkpt lat="48.53086" lon="9.0226"><ele>365.4</ele><time>2026-01-21T09:19:13.900277019Z</time></trkpt><trkpt lat="48.53077" lon="9.02263"><ele>364.95</ele><time>2026-01-21T09:19:14.890264988Z</time></trkpt><trkpt lat="48.53068" lon="9.02265"><ele>364.37</ele><time>2026-01-21T09:19:15.911041975Z</time></trkpt><trkpt lat="48.53059" lon="9.02266"><ele>363.79</ele><time>2026-01-21T09:19:16.901357055Z</time></trkpt><trkpt lat="48.53051" lon="9.02266"><ele>363.2</ele><time>2026-01-21T09:19:17.893697023Z</time></trkpt><trkpt lat="48.53043" lon="9.02267"><ele>362.61</ele><time>2026-01-21T09:19:18.881047010Z</time></trkpt><trkpt lat="48.53036" lon="9.02268"><ele>362.04</ele><time>2026-01-21T09:19:19.779759049Z</time></trkpt><trkpt lat="48.53033" lon="9.02269"><ele>361.51</ele><time>2026-01-21T09:19:20.887485027Z</time></trkpt><trkpt lat="48.53027" lon="9.0227"><ele>361.02</ele><time>2026-01-21T09:19:21.910928011Z</time></trkpt><trkpt lat="48.53019" lon="9.02271"><ele>360.58</ele><time>2026-01-21T09:19:22.909091949Z</time></trkpt><trkpt lat="48.5301" lon="9.02273"><ele>360.18</ele><time>2026-01-21T09:19:23.891242027Z</time></trkpt><trkpt lat="48.53003" lon="9.02275"><ele>359.86</ele><time>2026-01-21T09:19:24.911041021Z</time></trkpt><trkpt lat="48.52996" lon="9.02277"><ele>359.55</ele><time>2026-01-21T09:19:25.901226997Z</time></trkpt><trkpt lat="48.52982" lon="9.02281"><ele>359.25</ele><time>2026-01-21T09:19:26.891232967Z</time></trkpt><trkpt lat="48.52974" lon="9.02284"><ele>358.95</ele><time>2026-01-21T09:19:27.919451952Z</time></trkpt><trkpt lat="48.52966" lon="9.02286"><ele>358.65</ele><time>2026-01-21T09:19:28.901193976Z</time></trkpt><trkpt lat="48.52959" lon="9.0229"><ele>358.36</ele><time>2026-01-21T09:19:29.893169999Z</time></trkpt><trkpt lat="48.52956" lon="9.02292"><ele>358.07</ele><time>2026-01-21T09:19:31.900969982Z</time></trkpt><trkpt lat="48.52951" lon="9.02295"><ele>357.5</ele><time>2026-01-21T09:19:32.800462008Z</time></trkpt><trkpt lat="48.52945" lon="9.02299"><ele>357.22</ele><time>2026-01-21T09:19:33.910959005Z</time></trkpt><trkpt lat="48.52937" lon="9.02303"><ele>356.95</ele><time>2026-01-21T09:19:34.842955947Z</time></trkpt><trkpt lat="48.5293" lon="9.02308"><ele>356.68</ele><time>2026-01-21T09:19:35.777235985Z</time></trkpt><trkpt lat="48.52921" lon="9.02312"><ele>356.43</ele><time>2026-01-21T09:19:36.850057006Z</time></trkpt><trkpt lat="48.52913" lon="9.02316"><ele>356.18</ele><time>2026-01-21T09:19:37.897161007Z</time></trkpt><trkpt lat="48.52906" lon="9.02319"><ele>355.95</ele><time>2026-01-21T09:19:38.863140941Z</time></trkpt><trkpt lat="48.52899" lon="9.02323"><ele>355.71</ele><time>2026-01-21T09:19:39.880841970Z</time></trkpt><trkpt lat="48.52893" lon="9.02326"><ele>355.48</ele><time>2026-01-21T09:19:40.751268983Z</time></trkpt><trkpt lat="48.52888" lon="9.02329"><ele>355.29</ele><time>2026-01-21T09:19:41.891199946Z</time></trkpt><trkpt lat="48.52881" lon="9.02333"><ele>355.09</ele><time>2026-01-21T09:19:42.880893946Z</time></trkpt><trkpt lat="48.52875" lon="9.02336"><ele>354.88</ele><time>2026-01-21T09:19:43.842504025Z</time></trkpt><trkpt lat="48.52869" lon="9.02339"><ele>354.67</ele><time>2026-01-21T09:19:44.771548033Z</time></trkpt><trkpt lat="48.52862" lon="9.02342"><ele>354.47</ele><time>2026-01-21T09:19:45.790949941Z</time></trkpt><trkpt lat="48.52855" lon="9.02344"><ele>354.26</ele><time>2026-01-21T09:19:46.750545979Z</time></trkpt><trkpt lat="48.5285" lon="9.02347"><ele>354.05</ele><time>2026-01-21T09:19:47.890890956Z</time></trkpt><trkpt lat="48.52844" lon="9.02348"><ele>353.84</ele><time>2026-01-21T09:19:48.910879016Z</time></trkpt><trkpt lat="48.52837" lon="9.0235"><ele>353.62</ele><time>2026-01-21T09:19:49.931164026Z</time></trkpt><trkpt lat="48.5283" lon="9.02352"><ele>353.41</ele><time>2026-01-21T09:19:50.772462010Z</time></trkpt><trkpt lat="48.52823" lon="9.02354"><ele>353.2</ele><time>2026-01-21T09:19:51.910138965Z</time></trkpt><trkpt lat="48.52818" lon="9.02355"><ele>353.0</ele><time>2026-01-21T09:19:52.900851965Z</time></trkpt><trkpt lat="48.52812" lon="9.02356"><ele>352.79</ele><time>2026-01-21T09:19:53.851902962Z</time></trkpt><trkpt lat="48.52806" lon="9.02358"><ele>352.58</ele><time>2026-01-21T09:19:54.760975957Z</time></trkpt><trkpt lat="48.52799" lon="9.02359"><ele>352.37</ele><time>2026-01-21T09:19:55.780190945Z</time></trkpt><trkpt lat="48.52792" lon="9.0236"><ele>352.16</ele><time>2026-01-21T09:19:56.920845032Z</time></trkpt><trkpt lat="48.52785" lon="9.02361"><ele>351.93</ele><time>2026-01-21T09:19:57.911002994Z</time></trkpt><trkpt lat="48.52778" lon="9.02363"><ele>351.74</ele><time>2026-01-21T09:19:58.930310965Z</time></trkpt><trkpt lat="48.52772" lon="9.02364"><ele>351.53</ele><time>2026-01-21T09:19:59.770997047Z</time></trkpt><trkpt lat="48.52765" lon="9.02366"><ele>351.33</ele><time>2026-01-21T09:20:00.910405993Z</time></trkpt><trkpt lat="48.52758" lon="9.02367"><ele>351.12</ele><time>2026-01-21T09:20:01.930310011Z</time></trkpt><trkpt lat="48.52752" lon="9.02369"><ele>350.9</ele><time>2026-01-21T09:20:02.921054006Z</time></trkpt><trkpt lat="48.52745" lon="9.02372"><ele>350.68</ele><time>2026-01-21T09:20:03.911067009Z</time></trkpt><trkpt lat="48.52739" lon="9.02374"><ele>350.45</ele><time>2026-01-21T09:20:04.783079028Z</time></trkpt><trkpt lat="48.52731" lon="9.02377"><ele>350.21</ele><time>2026-01-21T09:20:05.771806002Z</time></trkpt><trkpt lat="48.52724" lon="9.02381"><ele>349.96</ele><time>2026-01-21T09:20:06.910953999Z</time></trkpt><trkpt lat="48.52718" lon="9.02385"><ele>349.71</ele><time>2026-01-21T09:20:07.900892019Z</time></trkpt><trkpt lat="48.52711" lon="9.02389"><ele>349.45</ele><time>2026-01-21T09:20:08.950968027Z</time></trkpt><trkpt lat="48.52705" lon="9.02394"><ele>349.18</ele><time>2026-01-21T09:20:09.792557955Z</time></trkpt><trkpt lat="48.52698" lon="9.02399"><ele>348.92</ele><time>2026-01-21T09:20:10.861279011Z</time></trkpt><trkpt lat="48.52692" lon="9.02404"><ele>348.65</ele><time>2026-01-21T09:20:11.926233053Z</time></trkpt><trkpt lat="48.52687" lon="9.0241"><ele>348.4</ele><time>2026-01-21T09:20:12.970963955Z</time></trkpt><trkpt lat="48.52682" lon="9.02415"><ele>348.14</ele><time>2026-01-21T09:20:13.991062999Z</time></trkpt><trkpt lat="48.52677" lon="9.02421"><ele>347.92</ele><time>2026-01-21T09:20:14.981135964Z</time></trkpt><trkpt lat="48.52673" lon="9.02426"><ele>347.84</ele><time>2026-01-21T09:20:15.971061945Z</time></trkpt><trkpt lat="48.52668" lon="9.02431"><ele>347.75</ele><time>2026-01-21T09:20:16.783048034Z</time></trkpt><trkpt lat="48.52662" lon="9.02435"><ele>347.62</ele><time>2026-01-21T09:20:17.771245003Z</time></trkpt><trkpt lat="48.52659" lon="9.02433"><ele>347.47</ele><time>2026-01-21T09:20:18.826163054Z</time></trkpt><trkpt lat="48.52656" lon="9.0243"><ele>347.3</ele><time>2026-01-21T09:20:19.870749950Z</time></trkpt><trkpt lat="48.52654" lon="9.02428"><ele>347.12</ele><time>2026-01-21T09:20:20.830119014Z</time></trkpt><trkpt lat="48.52652" lon="9.0243"><ele>346.94</ele><time>2026-01-21T09:20:22.000519991Z</time></trkpt><trkpt lat="48.52649" lon="9.02436"><ele>346.79</ele><time>2026-01-21T09:20:22.840157986Z</time></trkpt><trkpt lat="48.52646" lon="9.02443"><ele>346.66</ele><time>2026-01-21T09:20:24.011175036Z</time></trkpt><trkpt lat="48.52642" lon="9.02448"><ele>346.57</ele><time>2026-01-21T09:20:25.001091003Z</time></trkpt><trkpt lat="48.5264" lon="9.02451"><ele>346.49</ele><time>2026-01-21T09:20:26.022822976Z</time></trkpt><trkpt lat="48.52638" lon="9.02453"><ele>346.41</ele><time>2026-01-21T09:20:26.772807002Z</time></trkpt><trkpt lat="48.52636" lon="9.02455"><ele>346.34</ele><time>2026-01-21T09:20:27.794468999Z</time></trkpt><trkpt lat="48.52634" lon="9.02457"><ele>346.25</ele><time>2026-01-21T09:20:28.935624003Z</time></trkpt><trkpt lat="48.52632" lon="9.02459"><ele>346.15</ele><time>2026-01-21T09:20:29.951141953Z</time></trkpt><trkpt lat="48.52629" lon="9.02462"><ele>346.04</ele><time>2026-01-21T09:20:31.001520038Z</time></trkpt><trkpt lat="48.52627" lon="9.02465"><ele>345.94</ele><time>2026-01-21T09:20:32.021110058Z</time></trkpt><trkpt lat="48.52624" lon="9.02468"><ele>345.83</ele><time>2026-01-21T09:20:32.832754016Z</time></trkpt><trkpt lat="48.52621" lon="9.0247"><ele>345.7</ele><time>2026-01-21T09:20:34.001106024Z</time></trkpt><trkpt lat="48.52618" lon="9.02473"><ele>345.57</ele><time>2026-01-21T09:20:35.020668983Z</time></trkpt><trkpt lat="48.52615" lon="9.02477"><ele>345.42</ele><time>2026-01-21T09:20:36.011209965Z</time></trkpt><trkpt lat="48.52611" lon="9.02481"><ele>345.27</ele><time>2026-01-21T09:20:36.760722041Z</time></trkpt><trkpt lat="48.52608" lon="9.02484"><ele>345.1</ele><time>2026-01-21T09:20:37.842918038Z</time></trkpt><trkpt lat="48.52604" lon="9.02488"><ele>344.93</ele><time>2026-01-21T09:20:39.011549950Z</time></trkpt><trkpt lat="48.52566" lon="9.02527"><ele>344.76</ele><time>2026-01-21T09:20:40.001031995Z</time></trkpt><trkpt lat="48.5256" lon="9.02533"><ele>344.58</ele><time>2026-01-21T09:20:40.901008964Z</time></trkpt><trkpt lat="48.52557" lon="9.02536"><ele>344.4</ele><time>2026-01-21T09:20:42.042809010Z</time></trkpt><trkpt lat="48.52536" lon="9.02561"><ele>344.4</ele><time>2026-01-21T09:20:52.595507026Z</time></trkpt><trkpt lat="48.52503" lon="9.02612"><ele>343.22</ele><time>2026-01-21T09:20:52.884492993Z</time></trkpt><trkpt lat="48.52523" lon="9.02584"><ele>343.08</ele><time>2026-01-21T09:20:53.783864021Z</time></trkpt><trkpt lat="48.52512" lon="9.02604"><ele>342.89</ele><time>2026-01-21T09:20:55.043148041Z</time></trkpt><trkpt lat="48.52496" lon="9.02635"><ele>342.7</ele><time>2026-01-21T09:20:55.912111044Z</time></trkpt><trkpt lat="48.52491" lon="9.02647"><ele>342.53</ele><time>2026-01-21T09:20:56.785181046Z</time></trkpt><trkpt lat="48.52488" lon="9.02655"><ele>342.38</ele><time>2026-01-21T09:20:58.043254018Z</time></trkpt><trkpt lat="48.52486" lon="9.02665"><ele>342.24</ele><time>2026-01-21T09:20:59.033115029Z</time></trkpt><trkpt lat="48.52483" lon="9.02674"><ele>342.12</ele><time>2026-01-21T09:21:00.041911006Z</time></trkpt><trkpt lat="48.5248" lon="9.02683"><ele>342.01</ele><time>2026-01-21T09:21:00.864969015Z</time></trkpt><trkpt lat="48.52478" lon="9.02691"><ele>341.92</ele><time>2026-01-21T09:21:02.033481002Z</time></trkpt><trkpt lat="48.52476" lon="9.02701"><ele>341.83</ele><time>2026-01-21T09:21:02.842141986Z</time></trkpt><trkpt lat="48.52474" lon="9.0271"><ele>341.73</ele><time>2026-01-21T09:21:03.835235953Z</time></trkpt><trkpt lat="48.52472" lon="9.02719"><ele>341.64</ele><time>2026-01-21T09:21:04.942448020Z</time></trkpt><trkpt lat="48.52471" lon="9.02722"><ele>341.54</ele><time>2026-01-21T09:21:05.842367053Z</time></trkpt><trkpt lat="48.52466" lon="9.02736"><ele>341.44</ele><time>2026-01-21T09:21:06.802019Z</time></trkpt><trkpt lat="48.52464" lon="9.02745"><ele>341.33</ele><time>2026-01-21T09:21:07.883165956Z</time></trkpt><trkpt lat="48.52462" lon="9.02755"><ele>341.22</ele><time>2026-01-21T09:21:09.023839951Z</time></trkpt><trkpt lat="48.5246" lon="9.02764"><ele>341.11</ele><time>2026-01-21T09:21:09.896522045Z</time></trkpt><trkpt lat="48.52458" lon="9.02773"><ele>340.99</ele><time>2026-01-21T09:21:11.044211030Z</time></trkpt><trkpt lat="48.52456" lon="9.02778"><ele>340.88</ele><time>2026-01-21T09:21:11.903239965Z</time></trkpt><trkpt lat="48.52453" lon="9.02791"><ele>340.76</ele><time>2026-01-21T09:21:12.869478941Z</time></trkpt><trkpt lat="48.52451" lon="9.02799"><ele>340.64</ele><time>2026-01-21T09:21:13.924528003Z</time></trkpt><trkpt lat="48.5245" lon="9.02807"><ele>340.52</ele><time>2026-01-21T09:21:14.989449024Z</time></trkpt><trkpt lat="48.52448" lon="9.02812"><ele>340.41</ele><time>2026-01-21T09:21:16.042387009Z</time></trkpt><trkpt lat="48.52444" lon="9.02825"><ele>340.31</ele><time>2026-01-21T09:21:16.792888045Z</time></trkpt><trkpt lat="48.52441" lon="9.02826"><ele>340.21</ele><time>2026-01-21T09:21:17.785279036Z</time></trkpt><trkpt lat="48.52436" lon="9.02835"><ele>340.12</ele><time>2026-01-21T09:21:18.805309057Z</time></trkpt><trkpt lat="48.52436" lon="9.02834"><ele>340.03</ele><time>2026-01-21T09:21:20.034029961Z</time></trkpt><trkpt lat="48.52433" lon="9.02838"><ele>340.06</ele><time>2026-01-21T09:21:21.046867013Z</time></trkpt><trkpt lat="48.52425" lon="9.02844"><ele>340.07</ele><time>2026-01-21T09:21:22.043195009Z</time></trkpt><trkpt lat="48.52422" lon="9.02845"><ele>340.06</ele><time>2026-01-21T09:21:22.792876959Z</time></trkpt><trkpt lat="48.52424" lon="9.02846"><ele>340.04</ele><time>2026-01-21T09:21:23.873559952Z</time></trkpt><trkpt lat="48.52415" lon="9.02841"><ele>340.02</ele><time>2026-01-21T09:21:24.923346996Z</time></trkpt><trkpt lat="48.52413" lon="9.02837"><ele>339.98</ele><time>2026-01-21T09:21:25.912289023Z</time></trkpt><trkpt lat="48.52409" lon="9.02835"><ele>339.95</ele><time>2026-01-21T09:21:26.783251047Z</time></trkpt><trkpt lat="48.52404" lon="9.02833"><ele>339.91</ele><time>2026-01-21T09:21:27.922198057Z</time></trkpt><trkpt lat="48.52401" lon="9.02833"><ele>339.87</ele><time>2026-01-21T09:21:28.912374973Z</time></trkpt><trkpt lat="48.52398" lon="9.02834"><ele>339.83</ele><time>2026-01-21T09:21:29.758949995Z</time></trkpt><trkpt lat="48.52393" lon="9.02836"><ele>339.79</ele><time>2026-01-21T09:21:30.923241973Z</time></trkpt><trkpt lat="48.52388" lon="9.0284"><ele>339.76</ele><time>2026-01-21T09:21:31.913203955Z</time></trkpt><trkpt lat="48.52383" lon="9.02843"><ele>339.73</ele><time>2026-01-21T09:21:32.784690022Z</time></trkpt><trkpt lat="48.52378" lon="9.02846"><ele>339.71</ele><time>2026-01-21T09:21:33.923104048Z</time></trkpt><trkpt lat="48.52372" lon="9.0285"><ele>339.68</ele><time>2026-01-21T09:21:34.914952993Z</time></trkpt><trkpt lat="48.52366" lon="9.02853"><ele>339.64</ele><time>2026-01-21T09:21:35.753525972Z</time></trkpt><trkpt lat="48.5236" lon="9.02854"><ele>339.58</ele><time>2026-01-21T09:21:36.863039017Z</time></trkpt><trkpt lat="48.52354" lon="9.02854"><ele>339.48</ele><time>2026-01-21T09:21:37.913123012Z</time></trkpt><trkpt lat="48.52348" lon="9.02853"><ele>339.32</ele><time>2026-01-21T09:21:38.932325959Z</time></trkpt><trkpt lat="48.52341" lon="9.0285"><ele>339.09</ele><time>2026-01-21T09:21:39.804854989Z</time></trkpt><trkpt lat="48.52334" lon="9.02847"><ele>338.8</ele><time>2026-01-21T09:21:40.913424969Z</time></trkpt><trkpt lat="48.52327" lon="9.02844"><ele>338.44</ele><time>2026-01-21T09:21:41.843304038Z</time></trkpt><trkpt lat="48.52322" lon="9.02842"><ele>338.03</ele><time>2026-01-21T09:21:42.923084974Z</time></trkpt><trkpt lat="48.52316" lon="9.02838"><ele>337.61</ele><time>2026-01-21T09:21:43.854892015Z</time></trkpt><trkpt lat="48.5231" lon="9.02839"><ele>337.2</ele><time>2026-01-21T09:21:44.903043985Z</time></trkpt><trkpt lat="48.52305" lon="9.0284"><ele>336.84</ele><time>2026-01-21T09:21:45.802203059Z</time></trkpt><trkpt lat="48.523" lon="9.02842"><ele>336.53</ele><time>2026-01-21T09:21:46.791757941Z</time></trkpt><trkpt lat="48.52295" lon="9.02841"><ele>336.3</ele><time>2026-01-21T09:21:47.933001041Z</time></trkpt><trkpt lat="48.5229" lon="9.02841"><ele>336.12</ele><time>2026-01-21T09:21:48.922266960Z</time></trkpt><trkpt lat="48.52285" lon="9.02839"><ele>335.96002</ele><time>2026-01-21T09:21:49.793118954Z</time></trkpt><trkpt lat="48.52279" lon="9.02839"><ele>335.84</ele><time>2026-01-21T09:21:50.751809001Z</time></trkpt><trkpt lat="48.52273" lon="9.02839"><ele>335.72998</ele><time>2026-01-21T09:21:51.775349021Z</time></trkpt><trkpt lat="48.52266" lon="9.02839"><ele>335.63</ele><time>2026-01-21T09:21:52.794607043Z</time></trkpt><trkpt lat="48.5226" lon="9.02839"><ele>335.51</ele><time>2026-01-21T09:21:53.903185964Z</time></trkpt><trkpt lat="48.52254" lon="9.02839"><ele>335.38</ele><time>2026-01-21T09:21:54.922974944Z</time></trkpt><trkpt lat="48.52247" lon="9.02839"><ele>335.25</ele><time>2026-01-21T09:21:55.913252950Z</time></trkpt><trkpt lat="48.52241" lon="9.02841"><ele>335.13</ele><time>2026-01-21T09:21:56.873664021Z</time></trkpt><trkpt lat="48.52235" lon="9.0284"><ele>335.0</ele><time>2026-01-21T09:21:57.923076987Z</time></trkpt><trkpt lat="48.52229" lon="9.02841"><ele>334.89</ele><time>2026-01-21T09:21:58.822970033Z</time></trkpt><trkpt lat="48.52223" lon="9.02841"><ele>334.77002</ele><time>2026-01-21T09:21:59.785357952Z</time></trkpt><trkpt lat="48.52216" lon="9.02841"><ele>334.66</ele><time>2026-01-21T09:22:00.782418966Z</time></trkpt><trkpt lat="48.5221" lon="9.02842"><ele>334.56</ele><time>2026-01-21T09:22:01.942989945Z</time></trkpt><trkpt lat="48.52203" lon="9.02843"><ele>334.45</ele><time>2026-01-21T09:22:02.753553033Z</time></trkpt><trkpt lat="48.52198" lon="9.02843"><ele>334.35</ele><time>2026-01-21T09:22:03.833006024Z</time></trkpt><trkpt lat="48.52192" lon="9.02842"><ele>334.25</ele><time>2026-01-21T09:22:04.763247967Z</time></trkpt><trkpt lat="48.52185" lon="9.02843"><ele>334.14</ele><time>2026-01-21T09:22:05.787019014Z</time></trkpt><trkpt lat="48.52179" lon="9.02843"><ele>334.03</ele><time>2026-01-21T09:22:06.833068967Z</time></trkpt><trkpt lat="48.52172" lon="9.02845"><ele>333.93</ele><time>2026-01-21T09:22:08.003121018Z</time></trkpt><trkpt lat="48.52166" lon="9.02845"><ele>333.83002</ele><time>2026-01-21T09:22:08.844668031Z</time></trkpt><trkpt lat="48.5216" lon="9.02846"><ele>333.72998</ele><time>2026-01-21T09:22:09.804633975Z</time></trkpt><trkpt lat="48.52153" lon="9.02847"><ele>333.63</ele><time>2026-01-21T09:22:10.793697Z</time></trkpt><trkpt lat="48.52147" lon="9.02847"><ele>333.53</ele><time>2026-01-21T09:22:12.023301005Z</time></trkpt><trkpt lat="48.52141" lon="9.02848"><ele>333.43</ele><time>2026-01-21T09:22:12.804870963Z</time></trkpt><trkpt lat="48.52135" lon="9.02852"><ele>333.33002</ele><time>2026-01-21T09:22:14.040217996Z</time></trkpt><trkpt lat="48.52134" lon="9.02855"><ele>333.22998</ele><time>2026-01-21T09:22:14.813259959Z</time></trkpt><trkpt lat="48.52128" lon="9.02864"><ele>333.13</ele><time>2026-01-21T09:22:16.046010971Z</time></trkpt><trkpt lat="48.52128" lon="9.02868"><ele>333.03</ele><time>2026-01-21T09:22:16.823145032Z</time></trkpt><trkpt lat="48.52127" lon="9.02882"><ele>332.93</ele><time>2026-01-21T09:22:18.023131967Z</time></trkpt><trkpt lat="48.52127" lon="9.02889"><ele>332.83002</ele><time>2026-01-21T09:22:18.831851959Z</time></trkpt><trkpt lat="48.52129" lon="9.02899"><ele>332.72998</ele><time>2026-01-21T09:22:19.851763010Z</time></trkpt><trkpt lat="48.5213" lon="9.02908"><ele>332.77002</ele><time>2026-01-21T09:22:20.873116970Z</time></trkpt><trkpt lat="48.52131" lon="9.02917"><ele>332.78998</ele><time>2026-01-21T09:22:21.960363984Z</time></trkpt><trkpt lat="48.52131" lon="9.02926"><ele>332.82</ele><time>2026-01-21T09:22:22.883177996Z</time></trkpt><trkpt lat="48.52132" lon="9.02935"><ele>332.85</ele><time>2026-01-21T09:22:24.052919030Z</time></trkpt><trkpt lat="48.52132" lon="9.02943"><ele>332.87</ele><time>2026-01-21T09:22:24.851135969Z</time></trkpt><trkpt lat="48.52133" lon="9.0295"><ele>332.91</ele><time>2026-01-21T09:22:25.853615999Z</time></trkpt><trkpt lat="48.52133" lon="9.02962"><ele>332.96002</ele><time>2026-01-21T09:22:27.046795964Z</time></trkpt><trkpt lat="48.52134" lon="9.02967"><ele>333.03</ele><time>2026-01-21T09:22:27.833493948Z</time></trkpt><trkpt lat="48.52135" lon="9.02972"><ele>333.13</ele><time>2026-01-21T09:22:28.821828961Z</time></trkpt><trkpt lat="48.52136" lon="9.02978"><ele>333.27002</ele><time>2026-01-21T09:22:29.785354972Z</time></trkpt><trkpt lat="48.52137" lon="9.02984"><ele>333.43</ele><time>2026-01-21T09:22:30.773715019Z</time></trkpt><trkpt lat="48.52138" lon="9.02991"><ele>333.6</ele><time>2026-01-21T09:22:32.033628941Z</time></trkpt><trkpt lat="48.52139" lon="9.02997"><ele>333.78</ele><time>2026-01-21T09:22:32.789101958Z</time></trkpt><trkpt lat="48.52139" lon="9.03003"><ele>333.94</ele><time>2026-01-21T09:22:33.952401996Z</time></trkpt><trkpt lat="48.5214" lon="9.03012"><ele>334.06</ele><time>2026-01-21T09:22:35.033830047Z</time></trkpt><trkpt lat="48.52141" lon="9.03019"><ele>334.14</ele><time>2026-01-21T09:22:35.805513024Z</time></trkpt><trkpt lat="48.52142" lon="9.03025"><ele>334.18</ele><time>2026-01-21T09:22:36.849346042Z</time></trkpt><trkpt lat="48.52142" lon="9.03032"><ele>334.19</ele><time>2026-01-21T09:22:37.853466988Z</time></trkpt><trkpt lat="48.52142" lon="9.03037"><ele>334.16998</ele><time>2026-01-21T09:22:38.969302058Z</time></trkpt><trkpt lat="48.52143" lon="9.03041"><ele>334.14</ele><time>2026-01-21T09:22:39.803218961Z</time></trkpt><trkpt lat="48.52145" lon="9.03045"><ele>334.11</ele><time>2026-01-21T09:22:40.823526025Z</time></trkpt><trkpt lat="48.52145" lon="9.03049"><ele>334.07</ele><time>2026-01-21T09:22:42.042788982Z</time></trkpt><trkpt lat="48.52147" lon="9.03053"><ele>334.03</ele><time>2026-01-21T09:22:43.048231959Z</time></trkpt><trkpt lat="48.52147" lon="9.03057"><ele>333.97998</ele><time>2026-01-21T09:22:43.824766040Z</time></trkpt><trkpt lat="48.52148" lon="9.0306"><ele>333.93</ele><time>2026-01-21T09:22:44.963575006Z</time></trkpt><trkpt lat="48.52149" lon="9.03062"><ele>333.86</ele><time>2026-01-21T09:22:45.832404971Z</time></trkpt><trkpt lat="48.52151" lon="9.03069"><ele>333.72998</ele><time>2026-01-21T09:22:47.813145995Z</time></trkpt><trkpt lat="48.52151" lon="9.03072"><ele>333.66</ele><time>2026-01-21T09:22:49.044165015Z</time></trkpt><trkpt lat="48.52151" lon="9.03077"><ele>333.58002</ele><time>2026-01-21T09:22:49.824913025Z</time></trkpt><trkpt lat="48.52151" lon="9.03083"><ele>333.51</ele><time>2026-01-21T09:22:50.845901012Z</time></trkpt><trkpt lat="48.52153" lon="9.0309"><ele>333.44</ele><time>2026-01-21T09:22:52.043233037Z</time></trkpt><trkpt lat="48.52154" lon="9.03097"><ele>333.35</ele><time>2026-01-21T09:22:52.793203950Z</time></trkpt><trkpt lat="48.52155" lon="9.03105"><ele>333.27002</ele><time>2026-01-21T09:22:53.848140001Z</time></trkpt><trkpt lat="48.52156" lon="9.03114"><ele>333.18</ele><time>2026-01-21T09:22:54.841194034Z</time></trkpt><trkpt lat="48.52158" lon="9.03122"><ele>333.09</ele><time>2026-01-21T09:22:55.978044987Z</time></trkpt><trkpt lat="48.5216" lon="9.03131"><ele>333.01</ele><time>2026-01-21T09:22:57.045135021Z</time></trkpt><trkpt lat="48.52161" lon="9.0314"><ele>332.94</ele><time>2026-01-21T09:22:58.045065045Z</time></trkpt><trkpt lat="48.52163" lon="9.03149"><ele>332.87</ele><time>2026-01-21T09:22:58.823104978Z</time></trkpt><trkpt lat="48.52164" lon="9.03159"><ele>332.8</ele><time>2026-01-21T09:23:00.047194958Z</time></trkpt><trkpt lat="48.52166" lon="9.03168"><ele>332.75</ele><time>2026-01-21T09:23:01.042857051Z</time></trkpt><trkpt lat="48.52167" lon="9.03177"><ele>332.69</ele><time>2026-01-21T09:23:02.046558976Z</time></trkpt><trkpt lat="48.52169" lon="9.03186"><ele>332.63</ele><time>2026-01-21T09:23:02.752064943Z</time></trkpt><trkpt lat="48.52171" lon="9.03196"><ele>332.57</ele><time>2026-01-21T09:23:03.863239050Z</time></trkpt><trkpt lat="48.52172" lon="9.03205"><ele>332.51</ele><time>2026-01-21T09:23:04.825310946Z</time></trkpt><trkpt lat="48.52174" lon="9.03215"><ele>332.45</ele><time>2026-01-21T09:23:05.813892961Z</time></trkpt><trkpt lat="48.52176" lon="9.03224"><ele>332.39</ele><time>2026-01-21T09:23:07.040928006Z</time></trkpt><trkpt lat="48.52177" lon="9.03234"><ele>332.33002</ele><time>2026-01-21T09:23:07.824831963Z</time></trkpt><trkpt lat="48.52179" lon="9.03242"><ele>332.27002</ele><time>2026-01-21T09:23:09.048697948Z</time></trkpt><trkpt lat="48.52181" lon="9.03252"><ele>332.2</ele><time>2026-01-21T09:23:09.791736960Z</time></trkpt><trkpt lat="48.52182" lon="9.03261"><ele>332.14</ele><time>2026-01-21T09:23:10.856560946Z</time></trkpt><trkpt lat="48.52184" lon="9.03271"><ele>332.08002</ele><time>2026-01-21T09:23:11.875527024Z</time></trkpt><trkpt lat="48.52185" lon="9.0328"><ele>332.01</ele><time>2026-01-21T09:23:12.803243041Z</time></trkpt><trkpt lat="48.52187" lon="9.0329"><ele>331.95</ele><time>2026-01-21T09:23:13.822918057Z</time></trkpt><trkpt lat="48.52188" lon="9.03298"><ele>331.89</ele><time>2026-01-21T09:23:14.844414949Z</time></trkpt><trkpt lat="48.5219" lon="9.03308"><ele>331.82</ele><time>2026-01-21T09:23:15.833158970Z</time></trkpt><trkpt lat="48.52192" lon="9.03318"><ele>331.76</ele><time>2026-01-21T09:23:16.855090022Z</time></trkpt><trkpt lat="48.52193" lon="9.03327"><ele>331.7</ele><time>2026-01-21T09:23:17.754958034Z</time></trkpt><trkpt lat="48.52195" lon="9.03336"><ele>331.64</ele><time>2026-01-21T09:23:18.893604994Z</time></trkpt><trkpt lat="48.52197" lon="9.03345"><ele>331.59</ele><time>2026-01-21T09:23:19.853754997Z</time></trkpt><trkpt lat="48.52198" lon="9.03354"><ele>331.64</ele><time>2026-01-21T09:23:20.845095038Z</time></trkpt><trkpt lat="48.522" lon="9.03363"><ele>331.68</ele><time>2026-01-21T09:23:21.923161030Z</time></trkpt><trkpt lat="48.52201" lon="9.03372"><ele>331.71002</ele><time>2026-01-21T09:23:22.916000009Z</time></trkpt><trkpt lat="48.52203" lon="9.03382"><ele>331.74</ele><time>2026-01-21T09:23:23.844074965Z</time></trkpt><trkpt lat="48.52205" lon="9.03391"><ele>331.76</ele><time>2026-01-21T09:23:24.953163981Z</time></trkpt><trkpt lat="48.52206" lon="9.034"><ele>331.78</ele><time>2026-01-21T09:23:26.003329992Z</time></trkpt><trkpt lat="48.52208" lon="9.0341"><ele>331.8</ele><time>2026-01-21T09:23:26.843029022Z</time></trkpt><trkpt lat="48.52209" lon="9.03419"><ele>331.81</ele><time>2026-01-21T09:23:27.836395025Z</time></trkpt><trkpt lat="48.52211" lon="9.03428"><ele>331.81</ele><time>2026-01-21T09:23:28.823065042Z</time></trkpt><trkpt lat="48.52213" lon="9.03438"><ele>331.81</ele><time>2026-01-21T09:23:29.755838990Z</time></trkpt><trkpt lat="48.52214" lon="9.03447"><ele>331.8</ele><time>2026-01-21T09:23:30.805111051Z</time></trkpt><trkpt lat="48.52216" lon="9.03457"><ele>331.78998</ele><time>2026-01-21T09:23:31.854557037Z</time></trkpt><trkpt lat="48.52217" lon="9.03467"><ele>331.78</ele><time>2026-01-21T09:23:32.993383050Z</time></trkpt><trkpt lat="48.52219" lon="9.03476"><ele>331.76</ele><time>2026-01-21T09:23:33.832952976Z</time></trkpt><trkpt lat="48.52221" lon="9.03485"><ele>331.72998</ele><time>2026-01-21T09:23:34.823091030Z</time></trkpt><trkpt lat="48.52222" lon="9.03494"><ele>331.69</ele><time>2026-01-21T09:23:35.842916965Z</time></trkpt><trkpt lat="48.52224" lon="9.03504"><ele>331.65</ele><time>2026-01-21T09:23:36.838111043Z</time></trkpt><trkpt lat="48.52225" lon="9.03513"><ele>331.6</ele><time>2026-01-21T09:23:38.032490015Z</time></trkpt><trkpt lat="48.52228" lon="9.03522"><ele>331.55</ele><time>2026-01-21T09:23:38.843839049Z</time></trkpt><trkpt lat="48.52229" lon="9.03531"><ele>331.49</ele><time>2026-01-21T09:23:39.832965970Z</time></trkpt><trkpt lat="48.5223" lon="9.03539"><ele>331.43</ele><time>2026-01-21T09:23:40.854701042Z</time></trkpt><trkpt lat="48.52232" lon="9.0355"><ele>331.36</ele><time>2026-01-21T09:23:41.843464971Z</time></trkpt><trkpt lat="48.52234" lon="9.03559"><ele>331.28998</ele><time>2026-01-21T09:23:42.762752056Z</time></trkpt><trkpt lat="48.52235" lon="9.03568"><ele>331.22</ele><time>2026-01-21T09:23:43.854925036Z</time></trkpt><trkpt lat="48.52237" lon="9.03578"><ele>331.15</ele><time>2026-01-21T09:23:44.842862010Z</time></trkpt><trkpt lat="48.52238" lon="9.03586"><ele>331.08002</ele><time>2026-01-21T09:23:45.938619971Z</time></trkpt><trkpt lat="48.52241" lon="9.03595"><ele>331.01</ele><time>2026-01-21T09:23:46.852769017Z</time></trkpt><trkpt lat="48.52242" lon="9.03605"><ele>330.95</ele><time>2026-01-21T09:23:47.843297005Z</time></trkpt><trkpt lat="48.52244" lon="9.03614"><ele>330.89</ele><time>2026-01-21T09:23:48.832883954Z</time></trkpt><trkpt lat="48.52246" lon="9.03623"><ele>330.83002</ele><time>2026-01-21T09:23:49.794509053Z</time></trkpt><trkpt lat="48.52248" lon="9.03632"><ele>330.77002</ele><time>2026-01-21T09:23:50.754642963Z</time></trkpt><trkpt lat="48.52249" lon="9.03642"><ele>330.71002</ele><time>2026-01-21T09:23:51.864665985Z</time></trkpt><trkpt lat="48.52251" lon="9.0365"><ele>330.65</ele><time>2026-01-21T09:23:52.853073001Z</time></trkpt><trkpt lat="48.52252" lon="9.0366"><ele>330.59</ele><time>2026-01-21T09:23:53.844032049Z</time></trkpt><trkpt lat="48.52253" lon="9.03669"><ele>330.53</ele><time>2026-01-21T09:23:54.834645033Z</time></trkpt><trkpt lat="48.52255" lon="9.03678"><ele>330.47998</ele><time>2026-01-21T09:23:55.852709055Z</time></trkpt><trkpt lat="48.52257" lon="9.03687"><ele>330.41998</ele><time>2026-01-21T09:23:56.842972994Z</time></trkpt><trkpt lat="48.52258" lon="9.03697"><ele>330.36</ele><time>2026-01-21T09:23:57.833371043Z</time></trkpt><trkpt lat="48.5226" lon="9.03706"><ele>330.31</ele><time>2026-01-21T09:23:58.824988961Z</time></trkpt><trkpt lat="48.52261" lon="9.03715"><ele>330.27002</ele><time>2026-01-21T09:23:59.843148947Z</time></trkpt><trkpt lat="48.52263" lon="9.03724"><ele>330.22</ele><time>2026-01-21T09:24:00.817301035Z</time></trkpt><trkpt lat="48.52265" lon="9.03733"><ele>330.18</ele><time>2026-01-21T09:24:01.852867961Z</time></trkpt><trkpt lat="48.52267" lon="9.03742"><ele>330.13</ele><time>2026-01-21T09:24:02.843067050Z</time></trkpt><trkpt lat="48.52269" lon="9.03751"><ele>330.09</ele><time>2026-01-21T09:24:03.832852006Z</time></trkpt><trkpt lat="48.5227" lon="9.0376"><ele>330.05</ele><time>2026-01-21T09:24:04.824772954Z</time></trkpt><trkpt lat="48.52272" lon="9.03768"><ele>330.01</ele><time>2026-01-21T09:24:05.843129992Z</time></trkpt><trkpt lat="48.52273" lon="9.03776"><ele>329.97998</ele><time>2026-01-21T09:24:07.048181057Z</time></trkpt><trkpt lat="48.52274" lon="9.03783"><ele>329.94</ele><time>2026-01-21T09:24:07.852990985Z</time></trkpt><trkpt lat="48.52273" lon="9.03788"><ele>329.91</ele><time>2026-01-21T09:24:08.844781995Z</time></trkpt><trkpt lat="48.52271" lon="9.03792"><ele>329.89</ele><time>2026-01-21T09:24:09.742287993Z</time></trkpt><trkpt lat="48.52267" lon="9.03794"><ele>329.87</ele><time>2026-01-21T09:24:10.763257980Z</time></trkpt><trkpt lat="48.52262" lon="9.03794"><ele>329.87</ele><time>2026-01-21T09:24:11.752773046Z</time></trkpt><trkpt lat="48.52259" lon="9.03794"><ele>329.88</ele><time>2026-01-21T09:24:12.832800031Z</time></trkpt><trkpt lat="48.52255" lon="9.03794"><ele>329.91</ele><time>2026-01-21T09:24:13.852694035Z</time></trkpt><trkpt lat="48.52251" lon="9.03794"><ele>329.95</ele><time>2026-01-21T09:24:14.844724059Z</time></trkpt><trkpt lat="48.52245" lon="9.03794"><ele>329.99</ele><time>2026-01-21T09:24:15.864521980Z</time></trkpt><trkpt lat="48.52239" lon="9.03795"><ele>330.03998</ele><time>2026-01-21T09:24:17.046625018Z</time></trkpt><trkpt lat="48.52234" lon="9.03797"><ele>330.1</ele><time>2026-01-21T09:24:17.815019965Z</time></trkpt><trkpt lat="48.52228" lon="9.03798"><ele>330.15</ele><time>2026-01-21T09:24:18.862835050Z</time></trkpt><trkpt lat="48.52223" lon="9.03799"><ele>330.2</ele><time>2026-01-21T09:24:19.764387012Z</time></trkpt><trkpt lat="48.52217" lon="9.03799"><ele>330.22998</ele><time>2026-01-21T09:24:20.843000054Z</time></trkpt><trkpt lat="48.52211" lon="9.038"><ele>330.26</ele><time>2026-01-21T09:24:21.864701033Z</time></trkpt><trkpt lat="48.52206" lon="9.038"><ele>330.28</ele><time>2026-01-21T09:24:23.043601990Z</time></trkpt><trkpt lat="48.522" lon="9.038"><ele>330.3</ele><time>2026-01-21T09:24:23.845067024Z</time></trkpt><trkpt lat="48.52194" lon="9.03801"><ele>330.32</ele><time>2026-01-21T09:24:24.771847963Z</time></trkpt><trkpt lat="48.52188" lon="9.03803"><ele>330.33002</ele><time>2026-01-21T09:24:25.853099942Z</time></trkpt><trkpt lat="48.52182" lon="9.03805"><ele>330.34</ele><time>2026-01-21T09:24:26.842509985Z</time></trkpt><trkpt lat="48.52177" lon="9.03807"><ele>330.35</ele><time>2026-01-21T09:24:27.834431052Z</time></trkpt><trkpt lat="48.52171" lon="9.03809"><ele>330.36</ele><time>2026-01-21T09:24:28.854612947Z</time></trkpt><trkpt lat="48.52166" lon="9.03811"><ele>330.38</ele><time>2026-01-21T09:24:29.844722986Z</time></trkpt><trkpt lat="48.5216" lon="9.03813"><ele>330.41</ele><time>2026-01-21T09:24:30.862756014Z</time></trkpt><trkpt lat="48.52155" lon="9.03815"><ele>330.44</ele><time>2026-01-21T09:24:32.044370055Z</time></trkpt><trkpt lat="48.5215" lon="9.03817"><ele>330.49</ele><time>2026-01-21T09:24:32.751978040Z</time></trkpt><trkpt lat="48.52147" lon="9.03821"><ele>330.53998</ele><time>2026-01-21T09:24:33.834519982Z</time></trkpt><trkpt lat="48.52145" lon="9.03825"><ele>330.61</ele><time>2026-01-21T09:24:34.823879004Z</time></trkpt><trkpt lat="48.52144" lon="9.03829"><ele>330.68</ele><time>2026-01-21T09:24:35.843482018Z</time></trkpt><trkpt lat="48.52145" lon="9.03831"><ele>330.76</ele><time>2026-01-21T09:24:36.892784953Z</time></trkpt><trkpt lat="48.52145" lon="9.03832"><ele>330.85</ele><time>2026-01-21T09:24:37.852990985Z</time></trkpt><trkpt lat="48.5215" lon="9.03848"><ele>330.93</ele><time>2026-01-21T09:24:38.843618989Z</time></trkpt><trkpt lat="48.52153" lon="9.03855"><ele>331.01</ele><time>2026-01-21T09:24:39.834933043Z</time></trkpt><trkpt lat="48.52156" lon="9.03862"><ele>331.08002</ele><time>2026-01-21T09:24:40.762732029Z</time></trkpt><trkpt lat="48.52159" lon="9.0387"><ele>331.14</ele><time>2026-01-21T09:24:41.842811942Z</time></trkpt><trkpt lat="48.52162" lon="9.03877"><ele>331.18</ele><time>2026-01-21T09:24:42.863080025Z</time></trkpt><trkpt lat="48.52165" lon="9.03884"><ele>331.21002</ele><time>2026-01-21T09:24:43.854755998Z</time></trkpt><trkpt lat="48.52169" lon="9.03892"><ele>331.22</ele><time>2026-01-21T09:24:44.812970042Z</time></trkpt><trkpt lat="48.52172" lon="9.039"><ele>331.22</ele><time>2026-01-21T09:24:45.775143981Z</time></trkpt><trkpt lat="48.52177" lon="9.03907"><ele>331.2</ele><time>2026-01-21T09:24:46.762809992Z</time></trkpt><trkpt lat="48.5218" lon="9.03915"><ele>331.18</ele><time>2026-01-21T09:24:47.784209967Z</time></trkpt><trkpt lat="48.52184" lon="9.03923"><ele>331.15</ele><time>2026-01-21T09:24:48.862787962Z</time></trkpt><trkpt lat="48.52187" lon="9.03931"><ele>331.11</ele><time>2026-01-21T09:24:49.854660988Z</time></trkpt><trkpt lat="48.52191" lon="9.03939"><ele>331.06</ele><time>2026-01-21T09:24:50.814412951Z</time></trkpt><trkpt lat="48.52194" lon="9.03946"><ele>331.01</ele><time>2026-01-21T09:24:52.049491048Z</time></trkpt><trkpt lat="48.52198" lon="9.03954"><ele>330.96002</ele><time>2026-01-21T09:24:52.853914022Z</time></trkpt><trkpt lat="48.52201" lon="9.03961"><ele>330.91</ele><time>2026-01-21T09:24:53.875385046Z</time></trkpt><trkpt lat="48.52205" lon="9.03968"><ele>330.88</ele><time>2026-01-21T09:24:54.773059011Z</time></trkpt><trkpt lat="48.52208" lon="9.03976"><ele>330.86</ele><time>2026-01-21T09:24:55.854485035Z</time></trkpt><trkpt lat="48.52212" lon="9.03983"><ele>330.83002</ele><time>2026-01-21T09:24:56.874668002Z</time></trkpt><trkpt lat="48.52215" lon="9.03991"><ele>330.82</ele><time>2026-01-21T09:24:57.863021970Z</time></trkpt><trkpt lat="48.52218" lon="9.03999"><ele>330.8</ele><time>2026-01-21T09:24:58.822960019Z</time></trkpt><trkpt lat="48.52221" lon="9.04007"><ele>330.78998</ele><time>2026-01-21T09:24:59.783388972Z</time></trkpt><trkpt lat="48.52223" lon="9.04015"><ele>330.78</ele><time>2026-01-21T09:25:01.043094993Z</time></trkpt><trkpt lat="48.52225" lon="9.04023"><ele>330.77002</ele><time>2026-01-21T09:25:01.854143977Z</time></trkpt><trkpt lat="48.52228" lon="9.04031"><ele>330.76</ele><time>2026-01-21T09:25:02.844820023Z</time></trkpt><trkpt lat="48.5223" lon="9.04038"><ele>330.75</ele><time>2026-01-21T09:25:03.864871979Z</time></trkpt><trkpt lat="48.52231" lon="9.04045"><ele>330.75</ele><time>2026-01-21T09:25:04.763193965Z</time></trkpt><trkpt lat="48.52234" lon="9.04054"><ele>330.74</ele><time>2026-01-21T09:25:05.785334945Z</time></trkpt><trkpt lat="48.52235" lon="9.04062"><ele>330.72998</ele><time>2026-01-21T09:25:06.864719033Z</time></trkpt><trkpt lat="48.52238" lon="9.04071"><ele>330.71002</ele><time>2026-01-21T09:25:07.854159951Z</time></trkpt><trkpt lat="48.5224" lon="9.0408"><ele>330.66998</ele><time>2026-01-21T09:25:08.837695003Z</time></trkpt><trkpt lat="48.52242" lon="9.0409"><ele>330.61</ele><time>2026-01-21T09:25:09.775318980Z</time></trkpt><trkpt lat="48.52243" lon="9.041"><ele>330.51</ele><time>2026-01-21T09:25:10.852669954Z</time></trkpt><trkpt lat="48.52245" lon="9.04107"><ele>330.38</ele><time>2026-01-21T09:25:11.842870951Z</time></trkpt><trkpt lat="48.52245" lon="9.04111"><ele>330.2</ele><time>2026-01-21T09:25:12.841585040Z</time></trkpt><trkpt lat="48.52246" lon="9.04115"><ele>330.05</ele><time>2026-01-21T09:25:13.854918957Z</time></trkpt><trkpt lat="48.52247" lon="9.04119"><ele>329.85</ele><time>2026-01-21T09:25:14.872885942Z</time></trkpt><trkpt lat="48.52248" lon="9.04122"><ele>329.61</ele><time>2026-01-21T09:25:15.863049030Z</time></trkpt><trkpt lat="48.52248" lon="9.04126"><ele>329.36</ele><time>2026-01-21T09:25:16.852851987Z</time></trkpt><trkpt lat="48.52249" lon="9.04131"><ele>329.1</ele><time>2026-01-21T09:25:17.873111963Z</time></trkpt><trkpt lat="48.5225" lon="9.04135"><ele>328.86</ele><time>2026-01-21T09:25:18.862941027Z</time></trkpt><trkpt lat="48.52253" lon="9.04146"><ele>328.66</ele><time>2026-01-21T09:25:19.853010058Z</time></trkpt><trkpt lat="48.52253" lon="9.04148"><ele>328.53998</ele><time>2026-01-21T09:25:20.874873042Z</time></trkpt><trkpt lat="48.52255" lon="9.04166"><ele>328.45</ele><time>2026-01-21T09:25:21.867301941Z</time></trkpt><trkpt lat="48.52257" lon="9.04174"><ele>328.4</ele><time>2026-01-21T09:25:22.853999019Z</time></trkpt><trkpt lat="48.52258" lon="9.04181"><ele>328.37</ele><time>2026-01-21T09:25:23.872326970Z</time></trkpt><trkpt lat="48.5226" lon="9.04188"><ele>328.39</ele><time>2026-01-21T09:25:24.773537993Z</time></trkpt><trkpt lat="48.52261" lon="9.04194"><ele>328.44</ele><time>2026-01-21T09:25:25.763447046Z</time></trkpt><trkpt lat="48.52263" lon="9.04201"><ele>328.53</ele><time>2026-01-21T09:25:26.874606013Z</time></trkpt><trkpt lat="48.52265" lon="9.04208"><ele>328.64</ele><time>2026-01-21T09:25:27.864758015Z</time></trkpt><trkpt lat="48.52266" lon="9.04215"><ele>328.77002</ele><time>2026-01-21T09:25:28.854748011Z</time></trkpt><trkpt lat="48.52267" lon="9.04223"><ele>328.93</ele><time>2026-01-21T09:25:29.875020981Z</time></trkpt><trkpt lat="48.52268" lon="9.04231"><ele>329.07</ele><time>2026-01-21T09:25:30.742249966Z</time></trkpt><trkpt lat="48.52269" lon="9.0424"><ele>329.22</ele><time>2026-01-21T09:25:31.743226051Z</time></trkpt><trkpt lat="48.52271" lon="9.04248"><ele>329.36</ele><time>2026-01-21T09:25:32.748487949Z</time></trkpt><trkpt lat="48.52272" lon="9.04257"><ele>329.49</ele><time>2026-01-21T09:25:33.753556013Z</time></trkpt><trkpt lat="48.52272" lon="9.04262"><ele>329.6</ele><time>2026-01-21T09:25:34.883232951Z</time></trkpt><trkpt lat="48.52274" lon="9.04274"><ele>329.69</ele><time>2026-01-21T09:25:35.784680009Z</time></trkpt><trkpt lat="48.52275" lon="9.04282"><ele>329.77002</ele><time>2026-01-21T09:25:36.892992020Z</time></trkpt><trkpt lat="48.52276" lon="9.04291"><ele>329.84</ele><time>2026-01-21T09:25:37.794353008Z</time></trkpt><trkpt lat="48.52277" lon="9.04299"><ele>329.9</ele><time>2026-01-21T09:25:38.873054981Z</time></trkpt><trkpt lat="48.52279" lon="9.04308"><ele>329.96002</ele><time>2026-01-21T09:25:39.862861037Z</time></trkpt><trkpt lat="48.5228" lon="9.04316"><ele>330.02002</ele><time>2026-01-21T09:25:40.914175987Z</time></trkpt><trkpt lat="48.52281" lon="9.04324"><ele>330.07</ele><time>2026-01-21T09:25:41.874073982Z</time></trkpt><trkpt lat="48.52282" lon="9.04333"><ele>330.12</ele><time>2026-01-21T09:25:42.864420056Z</time></trkpt><trkpt lat="48.52283" lon="9.04341"><ele>330.16998</ele><time>2026-01-21T09:25:43.854675055Z</time></trkpt><trkpt lat="48.52285" lon="9.04349"><ele>330.2</ele><time>2026-01-21T09:25:44.873669982Z</time></trkpt><trkpt lat="48.52285" lon="9.04357"><ele>330.22998</ele><time>2026-01-21T09:25:45.862887979Z</time></trkpt><trkpt lat="48.52287" lon="9.04366"><ele>330.24</ele><time>2026-01-21T09:25:46.852545977Z</time></trkpt><trkpt lat="48.52288" lon="9.04374"><ele>330.25</ele><time>2026-01-21T09:25:47.872917056Z</time></trkpt><trkpt lat="48.52289" lon="9.04382"><ele>330.25</ele><time>2026-01-21T09:25:48.864745021Z</time></trkpt><trkpt lat="48.5229" lon="9.0439"><ele>330.22998</ele><time>2026-01-21T09:25:49.882799983Z</time></trkpt><trkpt lat="48.5229" lon="9.04398"><ele>330.21002</ele><time>2026-01-21T09:25:50.874405026Z</time></trkpt><trkpt lat="48.52291" lon="9.04405"><ele>330.19</ele><time>2026-01-21T09:25:51.864441991Z</time></trkpt><trkpt lat="48.52291" lon="9.04413"><ele>330.16</ele><time>2026-01-21T09:25:52.852982044Z</time></trkpt><trkpt lat="48.52292" lon="9.04419"><ele>330.13</ele><time>2026-01-21T09:25:53.872990012Z</time></trkpt><trkpt lat="48.52293" lon="9.0443"><ele>330.1</ele><time>2026-01-21T09:25:54.862722993Z</time></trkpt><trkpt lat="48.52295" lon="9.04439"><ele>330.07</ele><time>2026-01-21T09:25:55.882833004Z</time></trkpt><trkpt lat="48.52296" lon="9.04447"><ele>330.03</ele><time>2026-01-21T09:25:56.902201056Z</time></trkpt><trkpt lat="48.52297" lon="9.04456"><ele>330.0</ele><time>2026-01-21T09:25:57.893054008Z</time></trkpt><trkpt lat="48.52298" lon="9.04465"><ele>329.97</ele><time>2026-01-21T09:25:58.780009031Z</time></trkpt><trkpt lat="48.523" lon="9.04473"><ele>329.94</ele><time>2026-01-21T09:25:59.844863057Z</time></trkpt><trkpt lat="48.52301" lon="9.04482"><ele>329.93</ele><time>2026-01-21T09:26:00.864331007Z</time></trkpt><trkpt lat="48.52302" lon="9.0449"><ele>329.91998</ele><time>2026-01-21T09:26:01.884909034Z</time></trkpt><trkpt lat="48.52303" lon="9.04499"><ele>329.93</ele><time>2026-01-21T09:26:02.872696042Z</time></trkpt><trkpt lat="48.52304" lon="9.04508"><ele>329.94</ele><time>2026-01-21T09:26:03.864560008Z</time></trkpt><trkpt lat="48.52305" lon="9.04516"><ele>329.95</ele><time>2026-01-21T09:26:04.882637024Z</time></trkpt><trkpt lat="48.52305" lon="9.04523"><ele>329.96002</ele><time>2026-01-21T09:26:05.871860981Z</time></trkpt><trkpt lat="48.52306" lon="9.04531"><ele>329.99</ele><time>2026-01-21T09:26:06.892668962Z</time></trkpt><trkpt lat="48.52306" lon="9.04539"><ele>330.02002</ele><time>2026-01-21T09:26:07.882925987Z</time></trkpt><trkpt lat="48.52306" lon="9.04546"><ele>330.05</ele><time>2026-01-21T09:26:08.902704954Z</time></trkpt><trkpt lat="48.52307" lon="9.04553"><ele>330.09</ele><time>2026-01-21T09:26:09.892572045Z</time></trkpt><trkpt lat="48.52307" lon="9.04559"><ele>330.12</ele><time>2026-01-21T09:26:10.855062008Z</time></trkpt><trkpt lat="48.52308" lon="9.04566"><ele>330.16</ele><time>2026-01-21T09:26:11.874467015Z</time></trkpt><trkpt lat="48.52308" lon="9.0457"><ele>330.2</ele><time>2026-01-21T09:26:12.892986059Z</time></trkpt><trkpt lat="48.52306" lon="9.04574"><ele>330.25</ele><time>2026-01-21T09:26:13.882421970Z</time></trkpt><trkpt lat="48.52303" lon="9.04577"><ele>330.28998</ele><time>2026-01-21T09:26:14.872804046Z</time></trkpt><trkpt lat="48.52299" lon="9.04578"><ele>330.33002</ele><time>2026-01-21T09:26:15.787896991Z</time></trkpt><trkpt lat="48.52295" lon="9.04579"><ele>330.36</ele><time>2026-01-21T09:26:16.852396965Z</time></trkpt><trkpt lat="48.52291" lon="9.0458"><ele>330.38</ele><time>2026-01-21T09:26:17.872663975Z</time></trkpt><trkpt lat="48.52286" lon="9.04581"><ele>330.4</ele><time>2026-01-21T09:26:18.832340956Z</time></trkpt><trkpt lat="48.52282" lon="9.04582"><ele>330.4</ele><time>2026-01-21T09:26:19.883018970Z</time></trkpt><trkpt lat="48.52278" lon="9.04583"><ele>330.49</ele><time>2026-01-21T09:26:20.902827978Z</time></trkpt><trkpt lat="48.52274" lon="9.04587"><ele>330.56</ele><time>2026-01-21T09:26:21.864444971Z</time></trkpt><trkpt lat="48.5227" lon="9.04591"><ele>330.63</ele><time>2026-01-21T09:26:22.823032022Z</time></trkpt><trkpt lat="48.52267" lon="9.04595"><ele>330.69</ele><time>2026-01-21T09:26:23.872915983Z</time></trkpt><trkpt lat="48.52265" lon="9.04602"><ele>330.72998</ele><time>2026-01-21T09:26:24.893138051Z</time></trkpt><trkpt lat="48.52264" lon="9.04609"><ele>330.76</ele><time>2026-01-21T09:26:25.794177055Z</time></trkpt><trkpt lat="48.52266" lon="9.04618"><ele>330.77002</ele><time>2026-01-21T09:26:26.902956963Z</time></trkpt><trkpt lat="48.52266" lon="9.04626"><ele>330.77002</ele><time>2026-01-21T09:26:27.892758965Z</time></trkpt><trkpt lat="48.52267" lon="9.04634"><ele>330.76</ele><time>2026-01-21T09:26:28.882166982Z</time></trkpt><trkpt lat="48.52267" lon="9.04642"><ele>330.75</ele><time>2026-01-21T09:26:29.902693987Z</time></trkpt><trkpt lat="48.52268" lon="9.04649"><ele>330.74</ele><time>2026-01-21T09:26:30.892119050Z</time></trkpt><trkpt lat="48.52268" lon="9.04656"><ele>330.72998</ele><time>2026-01-21T09:26:31.913283944Z</time></trkpt><trkpt lat="48.52269" lon="9.04662"><ele>330.72</ele><time>2026-01-21T09:26:32.874462008Z</time></trkpt><trkpt lat="48.52269" lon="9.04669"><ele>330.72</ele><time>2026-01-21T09:26:33.850836992Z</time></trkpt><trkpt lat="48.52269" lon="9.04675"><ele>330.71002</ele><time>2026-01-21T09:26:34.882645011Z</time></trkpt><trkpt lat="48.52268" lon="9.0468"><ele>330.7</ele><time>2026-01-21T09:26:35.872706056Z</time></trkpt><trkpt lat="48.52267" lon="9.04684"><ele>330.69</ele><time>2026-01-21T09:26:36.892639995Z</time></trkpt><trkpt lat="48.52264" lon="9.04686"><ele>330.68</ele><time>2026-01-21T09:26:37.884721041Z</time></trkpt><trkpt lat="48.52262" lon="9.04688"><ele>330.66998</ele><time>2026-01-21T09:26:38.873010993Z</time></trkpt><trkpt lat="48.5226" lon="9.04688"><ele>330.66</ele><time>2026-01-21T09:26:39.892706037Z</time></trkpt><trkpt lat="48.52259" lon="9.04688"><ele>330.66</ele><time>2026-01-21T09:26:40.883108020Z</time></trkpt><trkpt lat="48.52256" lon="9.04689"><ele>330.65</ele><time>2026-01-21T09:26:41.904577017Z</time></trkpt><trkpt lat="48.52255" lon="9.04691"><ele>330.65</ele><time>2026-01-21T09:26:42.863409996Z</time></trkpt><trkpt lat="48.52252" lon="9.04698"><ele>330.63</ele><time>2026-01-21T09:26:43.854879975Z</time></trkpt><trkpt lat="48.52253" lon="9.04704"><ele>330.62</ele><time>2026-01-21T09:26:44.872930050Z</time></trkpt><trkpt lat="48.52255" lon="9.04713"><ele>330.59</ele><time>2026-01-21T09:26:45.863612056Z</time></trkpt><trkpt lat="48.52258" lon="9.04721"><ele>330.57</ele><time>2026-01-21T09:26:46.852658987Z</time></trkpt><trkpt lat="48.52261" lon="9.04728"><ele>330.55</ele><time>2026-01-21T09:26:47.842468977Z</time></trkpt><trkpt lat="48.52264" lon="9.04735"><ele>330.53</ele><time>2026-01-21T09:26:48.864910960Z</time></trkpt><trkpt lat="48.52265" lon="9.04739"><ele>330.52002</ele><time>2026-01-21T09:26:49.742037058Z</time></trkpt><trkpt lat="48.52269" lon="9.04752"><ele>330.52002</ele><time>2026-01-21T09:26:50.748123050Z</time></trkpt><trkpt lat="48.52272" lon="9.0476"><ele>330.52002</ele><time>2026-01-21T09:26:51.748818994Z</time></trkpt><trkpt lat="48.52274" lon="9.0477"><ele>330.51</ele><time>2026-01-21T09:26:52.758723974Z</time></trkpt><trkpt lat="48.52275" lon="9.0478"><ele>330.51</ele><time>2026-01-21T09:26:53.766366005Z</time></trkpt><trkpt lat="48.52276" lon="9.04789"><ele>330.51</ele><time>2026-01-21T09:26:54.893028975Z</time></trkpt><trkpt lat="48.52277" lon="9.04799"><ele>330.51</ele><time>2026-01-21T09:26:55.882948995Z</time></trkpt><trkpt lat="48.52277" lon="9.04807"><ele>330.5</ele><time>2026-01-21T09:26:56.873016Z</time></trkpt><trkpt lat="48.52278" lon="9.04817"><ele>330.5</ele><time>2026-01-21T09:26:57.892717004Z</time></trkpt><trkpt lat="48.52278" lon="9.04824"><ele>330.49</ele><time>2026-01-21T09:26:58.883131027Z</time></trkpt><trkpt lat="48.52278" lon="9.04831"><ele>330.49</ele><time>2026-01-21T09:26:59.903372049Z</time></trkpt><trkpt lat="48.52278" lon="9.0484"><ele>330.47998</ele><time>2026-01-21T09:27:00.895535946Z</time></trkpt><trkpt lat="48.52278" lon="9.0485"><ele>330.47998</ele><time>2026-01-21T09:27:01.885028005Z</time></trkpt><trkpt lat="48.52278" lon="9.0486"><ele>330.47</ele><time>2026-01-21T09:27:02.873136997Z</time></trkpt><trkpt lat="48.52279" lon="9.04871"><ele>330.45</ele><time>2026-01-21T09:27:03.893264055Z</time></trkpt><trkpt lat="48.52279" lon="9.0488"><ele>330.44</ele><time>2026-01-21T09:27:04.883363008Z</time></trkpt><trkpt lat="48.52279" lon="9.04887"><ele>330.41998</ele><time>2026-01-21T09:27:05.873610020Z</time></trkpt><trkpt lat="48.5228" lon="9.04897"><ele>330.4</ele><time>2026-01-21T09:27:06.864878058Z</time></trkpt><trkpt lat="48.5228" lon="9.04906"><ele>330.39</ele><time>2026-01-21T09:27:07.763779998Z</time></trkpt><trkpt lat="48.5228" lon="9.04919"><ele>330.37</ele><time>2026-01-21T09:27:08.873487949Z</time></trkpt><trkpt lat="48.5228" lon="9.04929"><ele>330.36</ele><time>2026-01-21T09:27:09.802996039Z</time></trkpt><trkpt lat="48.5228" lon="9.04939"><ele>330.34</ele><time>2026-01-21T09:27:10.883481979Z</time></trkpt><trkpt lat="48.5228" lon="9.04949"><ele>330.31</ele><time>2026-01-21T09:27:11.903836966Z</time></trkpt><trkpt lat="48.5228" lon="9.04958"><ele>330.28998</ele><time>2026-01-21T09:27:12.893532991Z</time></trkpt><trkpt lat="48.5228" lon="9.04967"><ele>330.27002</ele><time>2026-01-21T09:27:13.825242043Z</time></trkpt><trkpt lat="48.5228" lon="9.04979"><ele>330.25</ele><time>2026-01-21T09:27:14.903391957Z</time></trkpt><trkpt lat="48.5228" lon="9.04987"><ele>330.22</ele><time>2026-01-21T09:27:15.835847974Z</time></trkpt><trkpt lat="48.5228" lon="9.04997"><ele>330.2</ele><time>2026-01-21T09:27:16.913669944Z</time></trkpt><trkpt lat="48.5228" lon="9.05006"><ele>330.16998</ele><time>2026-01-21T09:27:17.873857021Z</time></trkpt><trkpt lat="48.5228" lon="9.05016"><ele>330.14</ele><time>2026-01-21T09:27:18.865731955Z</time></trkpt><trkpt lat="48.52279" lon="9.05025"><ele>330.11</ele><time>2026-01-21T09:27:19.886212945Z</time></trkpt><trkpt lat="48.52279" lon="9.05035"><ele>330.07</ele><time>2026-01-21T09:27:20.873960972Z</time></trkpt><trkpt lat="48.52279" lon="9.05044"><ele>330.02002</ele><time>2026-01-21T09:27:21.893538952Z</time></trkpt><trkpt lat="48.52279" lon="9.0505"><ele>329.97998</ele><time>2026-01-21T09:27:22.825299978Z</time></trkpt><trkpt lat="48.52279" lon="9.05058"><ele>329.93</ele><time>2026-01-21T09:27:23.845355988Z</time></trkpt><trkpt lat="48.5228" lon="9.0507"><ele>329.89</ele><time>2026-01-21T09:27:24.832905054Z</time></trkpt><trkpt lat="48.5228" lon="9.05081"><ele>329.84</ele><time>2026-01-21T09:27:25.852745056Z</time></trkpt><trkpt lat="48.5228" lon="9.05089"><ele>329.81</ele><time>2026-01-21T09:27:26.846065998Z</time></trkpt><trkpt lat="48.5228" lon="9.05099"><ele>329.77002</ele><time>2026-01-21T09:27:27.832836986Z</time></trkpt><trkpt lat="48.5228" lon="9.05109"><ele>329.74</ele><time>2026-01-21T09:27:28.883054018Z</time></trkpt><trkpt lat="48.5228" lon="9.0512"><ele>329.71002</ele><time>2026-01-21T09:27:29.812742949Z</time></trkpt><trkpt lat="48.5228" lon="9.05131"><ele>329.68</ele><time>2026-01-21T09:27:30.772668958Z</time></trkpt><trkpt lat="48.5228" lon="9.0514"><ele>329.64</ele><time>2026-01-21T09:27:31.882861018Z</time></trkpt><trkpt lat="48.5228" lon="9.0515"><ele>329.61</ele><time>2026-01-21T09:27:32.873198032Z</time></trkpt><trkpt lat="48.5228" lon="9.05159"><ele>329.57</ele><time>2026-01-21T09:27:33.893072009Z</time></trkpt><trkpt lat="48.5228" lon="9.05168"><ele>329.53998</ele><time>2026-01-21T09:27:34.883178949Z</time></trkpt><trkpt lat="48.5228" lon="9.05178"><ele>329.51</ele><time>2026-01-21T09:27:35.875017047Z</time></trkpt><trkpt lat="48.5228" lon="9.05187"><ele>329.47998</ele><time>2026-01-21T09:27:36.893151045Z</time></trkpt><trkpt lat="48.5228" lon="9.05196"><ele>329.46002</ele><time>2026-01-21T09:27:37.883093953Z</time></trkpt><trkpt lat="48.5228" lon="9.05203"><ele>329.44</ele><time>2026-01-21T09:27:38.873525023Z</time></trkpt><trkpt lat="48.52279" lon="9.05208"><ele>329.41998</ele><time>2026-01-21T09:27:39.895753026Z</time></trkpt><trkpt lat="48.52277" lon="9.05211"><ele>329.4</ele><time>2026-01-21T09:27:40.885370016Z</time></trkpt><trkpt lat="48.52274" lon="9.05215"><ele>329.37</ele><time>2026-01-21T09:27:41.855602980Z</time></trkpt><trkpt lat="48.52272" lon="9.05219"><ele>329.32</ele><time>2026-01-21T09:27:42.893414974Z</time></trkpt><trkpt lat="48.5227" lon="9.05224"><ele>329.27002</ele><time>2026-01-21T09:27:43.825652003Z</time></trkpt><trkpt lat="48.5227" lon="9.05231"><ele>329.2</ele><time>2026-01-21T09:27:44.902907014Z</time></trkpt><trkpt lat="48.5227" lon="9.05238"><ele>329.15</ele><time>2026-01-21T09:27:45.893041968Z</time></trkpt><trkpt lat="48.52271" lon="9.05244"><ele>329.09</ele><time>2026-01-21T09:27:46.912953973Z</time></trkpt><trkpt lat="48.52272" lon="9.05251"><ele>329.03</ele><time>2026-01-21T09:27:47.903045058Z</time></trkpt><trkpt lat="48.52274" lon="9.05257"><ele>328.97998</ele><time>2026-01-21T09:27:48.893093944Z</time></trkpt><trkpt lat="48.52274" lon="9.0526"><ele>328.94</ele><time>2026-01-21T09:27:49.916190028Z</time></trkpt><trkpt lat="48.52274" lon="9.05263"><ele>328.91</ele><time>2026-01-21T09:27:50.784662008Z</time></trkpt><trkpt lat="48.52275" lon="9.05267"><ele>328.89</ele><time>2026-01-21T09:27:51.892968059Z</time></trkpt><trkpt lat="48.52275" lon="9.05274"><ele>328.88</ele><time>2026-01-21T09:27:52.913082004Z</time></trkpt><trkpt lat="48.52276" lon="9.0528"><ele>328.88</ele><time>2026-01-21T09:27:53.903594971Z</time></trkpt><trkpt lat="48.52277" lon="9.05287"><ele>328.89</ele><time>2026-01-21T09:27:54.893043995Z</time></trkpt><trkpt lat="48.52277" lon="9.05294"><ele>328.91</ele><time>2026-01-21T09:27:55.913014054Z</time></trkpt><trkpt lat="48.52278" lon="9.05299"><ele>328.93</ele><time>2026-01-21T09:27:56.757220030Z</time></trkpt><trkpt lat="48.52279" lon="9.05306"><ele>328.97</ele><time>2026-01-21T09:27:57.922142029Z</time></trkpt><trkpt lat="48.52279" lon="9.05314"><ele>328.99</ele><time>2026-01-21T09:27:58.861013055Z</time></trkpt><trkpt lat="48.5228" lon="9.05322"><ele>329.02002</ele><time>2026-01-21T09:27:59.812772036Z</time></trkpt><trkpt lat="48.52281" lon="9.05331"><ele>329.03</ele><time>2026-01-21T09:28:00.923128009Z</time></trkpt><trkpt lat="48.52282" lon="9.0534"><ele>329.03998</ele><time>2026-01-21T09:28:01.913606048Z</time></trkpt><trkpt lat="48.52282" lon="9.05349"><ele>329.03998</ele><time>2026-01-21T09:28:02.903110981Z</time></trkpt><trkpt lat="48.52283" lon="9.05359"><ele>329.03</ele><time>2026-01-21T09:28:03.923282981Z</time></trkpt><trkpt lat="48.52284" lon="9.05368"><ele>329.02002</ele><time>2026-01-21T09:28:04.914651990Z</time></trkpt><trkpt lat="48.52284" lon="9.05377"><ele>329.01</ele><time>2026-01-21T09:28:05.902989984Z</time></trkpt><trkpt lat="48.52285" lon="9.05389"><ele>328.99</ele><time>2026-01-21T09:28:06.922392011Z</time></trkpt><trkpt lat="48.52285" lon="9.05401"><ele>328.97</ele><time>2026-01-21T09:28:07.943371058Z</time></trkpt><trkpt lat="48.52286" lon="9.0541"><ele>328.95</ele><time>2026-01-21T09:28:08.903012037Z</time></trkpt><trkpt lat="48.52287" lon="9.0542"><ele>328.93</ele><time>2026-01-21T09:28:09.926126957Z</time></trkpt><trkpt lat="48.52284" lon="9.05433"><ele>328.91</ele><time>2026-01-21T09:28:10.943830013Z</time></trkpt><trkpt lat="48.52285" lon="9.05442"><ele>328.88</ele><time>2026-01-21T09:28:11.903218031Z</time></trkpt><trkpt lat="48.52284" lon="9.05446"><ele>328.84</ele><time>2026-01-21T09:28:12.923104048Z</time></trkpt><trkpt lat="48.52285" lon="9.05449"><ele>328.78</ele><time>2026-01-21T09:28:13.883882046Z</time></trkpt><trkpt lat="48.52282" lon="9.05451"><ele>328.71002</ele><time>2026-01-21T09:28:14.902614951Z</time></trkpt><trkpt lat="48.52278" lon="9.05454"><ele>328.63</ele><time>2026-01-21T09:28:15.857866049Z</time></trkpt><trkpt lat="48.52275" lon="9.05456"><ele>328.53998</ele><time>2026-01-21T09:28:16.922659039Z</time></trkpt><trkpt lat="48.52273" lon="9.05459"><ele>328.46002</ele><time>2026-01-21T09:28:17.782673001Z</time></trkpt><trkpt lat="48.52269" lon="9.05463"><ele>328.37</ele><time>2026-01-21T09:28:18.923346996Z</time></trkpt><trkpt lat="48.52265" lon="9.05464"><ele>328.3</ele><time>2026-01-21T09:28:19.943348050Z</time></trkpt><trkpt lat="48.52261" lon="9.05468"><ele>328.35</ele><time>2026-01-21T09:28:20.784898043Z</time></trkpt><trkpt lat="48.52256" lon="9.0547"><ele>328.39</ele><time>2026-01-21T09:28:21.893221974Z</time></trkpt><trkpt lat="48.52253" lon="9.05471"><ele>328.4</ele><time>2026-01-21T09:28:22.762073040Z</time></trkpt><trkpt lat="48.52254" lon="9.0547"><ele>328.39</ele><time>2026-01-21T09:28:23.903395057Z</time></trkpt><trkpt lat="48.52249" lon="9.05462"><ele>328.36</ele><time>2026-01-21T09:28:24.775035024Z</time></trkpt><trkpt lat="48.52245" lon="9.05458"><ele>328.33002</ele><time>2026-01-21T09:28:25.942782998Z</time></trkpt><trkpt lat="48.52244" lon="9.05452"><ele>328.28</ele><time>2026-01-21T09:28:26.903239012Z</time></trkpt><trkpt lat="48.52243" lon="9.05445"><ele>328.22998</ele><time>2026-01-21T09:28:27.923225045Z</time></trkpt><trkpt lat="48.52242" lon="9.05438"><ele>328.18</ele><time>2026-01-21T09:28:28.913231015Z</time></trkpt><trkpt lat="48.52241" lon="9.05437"><ele>328.14</ele><time>2026-01-21T09:28:29.933246017Z</time></trkpt><trkpt lat="48.5224" lon="9.05431"><ele>328.1</ele><time>2026-01-21T09:28:30.748173952Z</time></trkpt><trkpt lat="48.52238" lon="9.0542"><ele>328.07</ele><time>2026-01-21T09:28:31.800598025Z</time></trkpt><trkpt lat="48.52236" lon="9.05415"><ele>328.06</ele><time>2026-01-21T09:28:32.855393052Z</time></trkpt><trkpt lat="48.52117" lon="9.054"><ele>328.03998</ele><time>2026-01-21T10:05:54.792129040Z</time></trkpt><trkpt lat="48.52116" lon="9.05397"><ele>328.03998</ele><time>2026-01-21T10:05:56.393211007Z</time></trkpt><trkpt lat="48.52129" lon="9.05395"><ele>336.81</ele><time>2026-01-21T10:06:00.303912997Z</time></trkpt><trkpt lat="48.52134" lon="9.05396"><ele>336.83002</ele><time>2026-01-21T10:06:01.405022025Z</time></trkpt><trkpt lat="48.52135" lon="9.05397"><ele>336.83002</ele><time>2026-01-21T10:06:02.425361037Z</time></trkpt><trkpt lat="48.52137" lon="9.05399"><ele>336.85</ele><time>2026-01-21T10:06:03.415001035Z</time></trkpt><trkpt lat="48.52139" lon="9.05401"><ele>336.87</ele><time>2026-01-21T10:06:04.423194051Z</time></trkpt><trkpt lat="48.52141" lon="9.05404"><ele>336.89</ele><time>2026-01-21T10:06:05.425307989Z</time></trkpt><trkpt lat="48.52146" lon="9.05415"><ele>336.91</ele><time>2026-01-21T10:06:06.355267048Z</time></trkpt><trkpt lat="48.52147" lon="9.05417"><ele>336.95</ele><time>2026-01-21T10:06:07.402577043Z</time></trkpt><trkpt lat="48.52149" lon="9.05418"><ele>337.0</ele><time>2026-01-21T10:06:08.306282997Z</time></trkpt><trkpt lat="48.52148" lon="9.05418"><ele>337.07</ele><time>2026-01-21T10:06:09.414798021Z</time></trkpt><trkpt lat="48.52161" lon="9.05417"><ele>337.15</ele><time>2026-01-21T10:06:11.423336029Z</time></trkpt><trkpt lat="48.52164" lon="9.05416"><ele>337.32</ele><time>2026-01-21T10:06:12.442949057Z</time></trkpt><trkpt lat="48.52168" lon="9.05415"><ele>337.4</ele><time>2026-01-21T10:06:13.406200051Z</time></trkpt><trkpt lat="48.52174" lon="9.05415"><ele>337.47</ele><time>2026-01-21T10:06:14.426311970Z</time></trkpt><trkpt lat="48.52178" lon="9.05415"><ele>337.53</ele><time>2026-01-21T10:06:15.413174987Z</time></trkpt><trkpt lat="48.52182" lon="9.05415"><ele>337.59</ele><time>2026-01-21T10:06:16.433189034Z</time></trkpt><trkpt lat="48.52191" lon="9.05416"><ele>337.64</ele><time>2026-01-21T10:06:17.423292994Z</time></trkpt><trkpt lat="48.52193" lon="9.05417"><ele>337.67</ele><time>2026-01-21T10:06:18.413099051Z</time></trkpt><trkpt lat="48.52197" lon="9.05419"><ele>337.69</ele><time>2026-01-21T10:06:19.300452948Z</time></trkpt><trkpt lat="48.52201" lon="9.05424"><ele>337.7</ele><time>2026-01-21T10:06:20.425212979Z</time></trkpt><trkpt lat="48.52206" lon="9.05425"><ele>337.71</ele><time>2026-01-21T10:06:21.383486986Z</time></trkpt><trkpt lat="48.52211" lon="9.05424"><ele>337.71</ele><time>2026-01-21T10:06:22.375385046Z</time></trkpt><trkpt lat="48.52215" lon="9.05423"><ele>337.72</ele><time>2026-01-21T10:06:23.423406005Z</time></trkpt><trkpt lat="48.52221" lon="9.05421"><ele>337.72</ele><time>2026-01-21T10:06:24.413241982Z</time></trkpt><trkpt lat="48.52226" lon="9.05419"><ele>337.73</ele><time>2026-01-21T10:06:25.404571056Z</time></trkpt><trkpt lat="48.52229" lon="9.05413"><ele>337.72</ele><time>2026-01-21T10:06:26.396705985Z</time></trkpt><trkpt lat="48.5223" lon="9.05409"><ele>337.72</ele><time>2026-01-21T10:06:27.322870016Z</time></trkpt><trkpt lat="48.52232" lon="9.05397"><ele>337.72</ele><time>2026-01-21T10:06:28.433274984Z</time></trkpt><trkpt lat="48.52233" lon="9.05401"><ele>337.73</ele><time>2026-01-21T10:06:29.433254957Z</time></trkpt><trkpt lat="48.52234" lon="9.05401"><ele>337.75</ele><time>2026-01-21T10:06:30.415374994Z</time></trkpt><trkpt lat="48.52232" lon="9.05402"><ele>337.79</ele><time>2026-01-21T10:06:31.322080016Z</time></trkpt><trkpt lat="48.52232" lon="9.05397"><ele>337.83</ele><time>2026-01-21T10:06:32.423303962Z</time></trkpt><trkpt lat="48.52232" lon="9.0539"><ele>337.86</ele><time>2026-01-21T10:06:33.443742990Z</time></trkpt><trkpt lat="48.52232" lon="9.05384"><ele>337.89</ele><time>2026-01-21T10:06:34.345078945Z</time></trkpt><trkpt lat="48.52231" lon="9.05378"><ele>337.9</ele><time>2026-01-21T10:06:35.425266981Z</time></trkpt><trkpt lat="48.5223" lon="9.05372"><ele>337.88</ele><time>2026-01-21T10:06:36.443179965Z</time></trkpt><trkpt lat="48.52229" lon="9.05366"><ele>337.86</ele><time>2026-01-21T10:06:37.351668Z</time></trkpt><trkpt lat="48.52229" lon="9.05362"><ele>337.85</ele><time>2026-01-21T10:06:38.416533947Z</time></trkpt><trkpt lat="48.5223" lon="9.05357"><ele>337.86</ele><time>2026-01-21T10:06:39.422899008Z</time></trkpt><trkpt lat="48.52228" lon="9.05351"><ele>337.87</ele><time>2026-01-21T10:06:40.433359027Z</time></trkpt><trkpt lat="48.52226" lon="9.05345"><ele>337.91</ele><time>2026-01-21T10:06:41.422394991Z</time></trkpt><trkpt lat="48.52225" lon="9.0534"><ele>337.97</ele><time>2026-01-21T10:06:42.413475037Z</time></trkpt><trkpt lat="48.52223" lon="9.05333"><ele>338.03</ele><time>2026-01-21T10:06:43.343189955Z</time></trkpt><trkpt lat="48.52222" lon="9.05326"><ele>338.1</ele><time>2026-01-21T10:06:44.432703972Z</time></trkpt><trkpt lat="48.5222" lon="9.05318"><ele>338.18</ele><time>2026-01-21T10:06:45.443271041Z</time></trkpt><trkpt lat="48.52219" lon="9.05312"><ele>338.25</ele><time>2026-01-21T10:06:46.433272004Z</time></trkpt><trkpt lat="48.52222" lon="9.05308"><ele>338.31</ele><time>2026-01-21T10:06:47.422960997Z</time></trkpt><trkpt lat="48.5222" lon="9.05297"><ele>338.34</ele><time>2026-01-21T10:06:48.443197966Z</time></trkpt><trkpt lat="48.52218" lon="9.0529"><ele>338.37</ele><time>2026-01-21T10:06:49.443207026Z</time></trkpt><trkpt lat="48.52216" lon="9.05283"><ele>338.37</ele><time>2026-01-21T10:06:50.453344941Z</time></trkpt><trkpt lat="48.52215" lon="9.05275"><ele>338.36</ele><time>2026-01-21T10:06:51.443472028Z</time></trkpt><trkpt lat="48.52214" lon="9.0527"><ele>338.32</ele><time>2026-01-21T10:06:52.435390949Z</time></trkpt><trkpt lat="48.52213" lon="9.05264"><ele>338.15</ele><time>2026-01-21T10:06:53.423110008Z</time></trkpt><trkpt lat="48.52213" lon="9.0526"><ele>337.97</ele><time>2026-01-21T10:06:54.348171949Z</time></trkpt><trkpt lat="48.5221" lon="9.05255"><ele>337.79</ele><time>2026-01-21T10:06:55.413125038Z</time></trkpt><trkpt lat="48.52209" lon="9.05251"><ele>337.62</ele><time>2026-01-21T10:06:56.365025043Z</time></trkpt><trkpt lat="48.52208" lon="9.05246"><ele>337.45</ele><time>2026-01-21T10:06:57.354783058Z</time></trkpt><trkpt lat="48.52206" lon="9.05242"><ele>337.31</ele><time>2026-01-21T10:06:58.350744009Z</time></trkpt><trkpt lat="48.52204" lon="9.05238"><ele>337.2</ele><time>2026-01-21T10:06:59.363031030Z</time></trkpt><trkpt lat="48.52201" lon="9.05235"><ele>337.12</ele><time>2026-01-21T10:07:00.386883974Z</time></trkpt><trkpt lat="48.52198" lon="9.05233"><ele>337.09</ele><time>2026-01-21T10:07:01.351307034Z</time></trkpt><trkpt lat="48.52193" lon="9.05233"><ele>337.11</ele><time>2026-01-21T10:07:02.365540981Z</time></trkpt><trkpt lat="48.5219" lon="9.05229"><ele>337.14</ele><time>2026-01-21T10:07:03.355157018Z</time></trkpt><trkpt lat="48.52188" lon="9.05227"><ele>337.2</ele><time>2026-01-21T10:07:04.374989033Z</time></trkpt><trkpt lat="48.52184" lon="9.05225"><ele>337.28</ele><time>2026-01-21T10:07:05.394876957Z</time></trkpt><trkpt lat="48.52182" lon="9.05224"><ele>337.36</ele><time>2026-01-21T10:07:06.357234955Z</time></trkpt><trkpt lat="48.52177" lon="9.05221"><ele>337.43</ele><time>2026-01-21T10:07:07.373831987Z</time></trkpt><trkpt lat="48.52174" lon="9.0522"><ele>337.5</ele><time>2026-01-21T10:07:08.363659978Z</time></trkpt><trkpt lat="48.52167" lon="9.05219"><ele>337.56</ele><time>2026-01-21T10:07:09.359730959Z</time></trkpt><trkpt lat="48.52166" lon="9.05219"><ele>337.61</ele><time>2026-01-21T10:07:10.378144979Z</time></trkpt><trkpt lat="48.52157" lon="9.05217"><ele>337.63</ele><time>2026-01-21T10:07:11.365216970Z</time></trkpt><trkpt lat="48.52159" lon="9.05217"><ele>337.64</ele><time>2026-01-21T10:07:12.385328054Z</time></trkpt><trkpt lat="48.52155" lon="9.05217"><ele>337.65</ele><time>2026-01-21T10:07:13.374961972Z</time></trkpt><trkpt lat="48.52147" lon="9.05207"><ele>337.66</ele><time>2026-01-21T10:07:14.364323020Z</time></trkpt><trkpt lat="48.52141" lon="9.052"><ele>337.66</ele><time>2026-01-21T10:07:15.385249019Z</time></trkpt><trkpt lat="48.52139" lon="9.05195"><ele>337.69</ele><time>2026-01-21T10:07:16.375115037Z</time></trkpt><trkpt lat="48.52136" lon="9.05187"><ele>337.74</ele><time>2026-01-21T10:07:17.363404989Z</time></trkpt><trkpt lat="48.52134" lon="9.0518"><ele>337.79</ele><time>2026-01-21T10:07:18.384515047Z</time></trkpt><trkpt lat="48.52136" lon="9.05175"><ele>337.85</ele><time>2026-01-21T10:07:19.373981953Z</time></trkpt><trkpt lat="48.52135" lon="9.05174"><ele>337.93</ele><time>2026-01-21T10:07:20.423388958Z</time></trkpt><trkpt lat="48.52132" lon="9.05163"><ele>338.02</ele><time>2026-01-21T10:07:21.382068038Z</time></trkpt><trkpt lat="48.52131" lon="9.05155"><ele>338.11</ele><time>2026-01-21T10:07:22.375766039Z</time></trkpt><trkpt lat="48.5213" lon="9.05148"><ele>338.22</ele><time>2026-01-21T10:07:23.371737003Z</time></trkpt><trkpt lat="48.52129" lon="9.05139"><ele>338.32</ele><time>2026-01-21T10:07:24.385035038Z</time></trkpt><trkpt lat="48.52129" lon="9.05131"><ele>338.42</ele><time>2026-01-21T10:07:25.383895040Z</time></trkpt><trkpt lat="48.52129" lon="9.05124"><ele>338.53</ele><time>2026-01-21T10:07:26.395359039Z</time></trkpt><trkpt lat="48.52128" lon="9.05123"><ele>338.63</ele><time>2026-01-21T10:07:27.412932992Z</time></trkpt><trkpt lat="48.52128" lon="9.05112"><ele>338.73</ele><time>2026-01-21T10:07:28.378512979Z</time></trkpt><trkpt lat="48.52127" lon="9.05099"><ele>338.84</ele><time>2026-01-21T10:07:29.391801953Z</time></trkpt><trkpt lat="48.52126" lon="9.05088"><ele>338.93</ele><time>2026-01-21T10:07:30.386412978Z</time></trkpt><trkpt lat="48.52126" lon="9.05079"><ele>338.99</ele><time>2026-01-21T10:07:31.383201957Z</time></trkpt><trkpt lat="48.52125" lon="9.0507"><ele>339.03</ele><time>2026-01-21T10:07:32.394772053Z</time></trkpt><trkpt lat="48.52124" lon="9.05062"><ele>339.05</ele><time>2026-01-21T10:07:33.385103941Z</time></trkpt><trkpt lat="48.52123" lon="9.05053"><ele>339.05</ele><time>2026-01-21T10:07:34.404942036Z</time></trkpt><trkpt lat="48.52122" lon="9.05046"><ele>339.04</ele><time>2026-01-21T10:07:35.423020959Z</time></trkpt><trkpt lat="48.52122" lon="9.05039"><ele>339.03</ele><time>2026-01-21T10:07:36.387531042Z</time></trkpt><trkpt lat="48.52121" lon="9.05033"><ele>339.02</ele><time>2026-01-21T10:07:37.404739022Z</time></trkpt><trkpt lat="48.52121" lon="9.05026"><ele>339.0</ele><time>2026-01-21T10:07:38.395123959Z</time></trkpt><trkpt lat="48.52119" lon="9.05022"><ele>338.96</ele><time>2026-01-21T10:07:39.390004992Z</time></trkpt><trkpt lat="48.52119" lon="9.05015"><ele>338.91</ele><time>2026-01-21T10:07:40.401865005Z</time></trkpt><trkpt lat="48.52119" lon="9.05011"><ele>338.86</ele><time>2026-01-21T10:07:41.395274043Z</time></trkpt><trkpt lat="48.5212" lon="9.05007"><ele>338.78</ele><time>2026-01-21T10:07:42.391770959Z</time></trkpt><trkpt lat="48.52121" lon="9.05004"><ele>338.68</ele><time>2026-01-21T10:07:43.403388977Z</time></trkpt><trkpt lat="48.52124" lon="9.05002"><ele>338.58</ele><time>2026-01-21T10:07:44.394271016Z</time></trkpt><trkpt lat="48.52129" lon="9.05001"><ele>338.49</ele><time>2026-01-21T10:07:45.412204027Z</time></trkpt><trkpt lat="48.52133" lon="9.05"><ele>338.41</ele><time>2026-01-21T10:07:46.401218057Z</time></trkpt><trkpt lat="48.52138" lon="9.04998"><ele>338.37</ele><time>2026-01-21T10:07:47.398223042Z</time></trkpt><trkpt lat="48.52142" lon="9.04996"><ele>338.34</ele><time>2026-01-21T10:07:48.352836013Z</time></trkpt><trkpt lat="48.52148" lon="9.04995"><ele>338.34</ele><time>2026-01-21T10:07:49.373430967Z</time></trkpt><trkpt lat="48.52154" lon="9.04994"><ele>338.34</ele><time>2026-01-21T10:07:50.394235015Z</time></trkpt><trkpt lat="48.52158" lon="9.04993"><ele>338.32</ele><time>2026-01-21T10:07:51.413997054Z</time></trkpt><trkpt lat="48.52163" lon="9.04991"><ele>338.28</ele><time>2026-01-21T10:07:52.405024052Z</time></trkpt><trkpt lat="48.52165" lon="9.0499"><ele>338.07</ele><time>2026-01-21T10:07:53.425163031Z</time></trkpt><trkpt lat="48.52168" lon="9.04985"><ele>337.87</ele><time>2026-01-21T10:07:54.443107963Z</time></trkpt><trkpt lat="48.52169" lon="9.04981"><ele>337.7</ele><time>2026-01-21T10:07:55.433784962Z</time></trkpt><trkpt lat="48.5217" lon="9.04976"><ele>337.57</ele><time>2026-01-21T10:07:56.362954974Z</time></trkpt><trkpt lat="48.52171" lon="9.04972"><ele>337.49</ele><time>2026-01-21T10:07:57.443042040Z</time></trkpt><trkpt lat="48.52171" lon="9.04968"><ele>337.43</ele><time>2026-01-21T10:07:58.373265982Z</time></trkpt><trkpt lat="48.52172" lon="9.04964"><ele>337.43</ele><time>2026-01-21T10:07:59.424082041Z</time></trkpt><trkpt lat="48.52172" lon="9.04954"><ele>337.5</ele><time>2026-01-21T10:08:01.402863979Z</time></trkpt><trkpt lat="48.52173" lon="9.04945"><ele>337.58</ele><time>2026-01-21T10:08:02.394981027Z</time></trkpt><trkpt lat="48.52172" lon="9.04943"><ele>337.68</ele><time>2026-01-21T10:08:03.415171027Z</time></trkpt><trkpt lat="48.52173" lon="9.04932"><ele>337.81</ele><time>2026-01-21T10:08:04.404904008Z</time></trkpt><trkpt lat="48.52173" lon="9.04922"><ele>337.96</ele><time>2026-01-21T10:08:05.394790053Z</time></trkpt><trkpt lat="48.52174" lon="9.04915"><ele>338.12</ele><time>2026-01-21T10:08:06.383504987Z</time></trkpt><trkpt lat="48.52174" lon="9.04908"><ele>338.28</ele><time>2026-01-21T10:08:07.402444005Z</time></trkpt><trkpt lat="48.52174" lon="9.04901"><ele>338.41</ele><time>2026-01-21T10:08:08.453237057Z</time></trkpt><trkpt lat="48.52174" lon="9.04893"><ele>338.52</ele><time>2026-01-21T10:08:09.443225980Z</time></trkpt><trkpt lat="48.52174" lon="9.04885"><ele>338.59</ele><time>2026-01-21T10:08:10.433233023Z</time></trkpt><trkpt lat="48.52175" lon="9.04882"><ele>338.62</ele><time>2026-01-21T10:08:11.452008963Z</time></trkpt><trkpt lat="48.52175" lon="9.04872"><ele>338.64</ele><time>2026-01-21T10:08:12.442386031Z</time></trkpt><trkpt lat="48.52175" lon="9.04864"><ele>338.65</ele><time>2026-01-21T10:08:13.462442994Z</time></trkpt><trkpt lat="48.52176" lon="9.04865"><ele>338.66</ele><time>2026-01-21T10:08:14.424994946Z</time></trkpt><trkpt lat="48.52176" lon="9.04852"><ele>338.66</ele><time>2026-01-21T10:08:15.443197966Z</time></trkpt><trkpt lat="48.52176" lon="9.04841"><ele>338.69</ele><time>2026-01-21T10:08:16.463209033Z</time></trkpt><trkpt lat="48.52174" lon="9.04825"><ele>338.73</ele><time>2026-01-21T10:08:22.238932014Z</time></trkpt><trkpt lat="48.5218" lon="9.04815"><ele>338.71</ele><time>2026-01-21T10:08:26.262611985Z</time></trkpt><trkpt lat="48.52172" lon="9.04833"><ele>338.71</ele><time>2026-01-21T10:09:05.339974046Z</time></trkpt><trkpt lat="48.52173" lon="9.0481"><ele>338.58</ele><time>2026-01-21T10:09:06.339674950Z</time></trkpt><trkpt lat="48.52174" lon="9.04794"><ele>338.35</ele><time>2026-01-21T10:09:09.421489954Z</time></trkpt><trkpt lat="48.52174" lon="9.04793"><ele>338.1</ele><time>2026-01-21T10:09:10.381986022Z</time></trkpt><trkpt lat="48.52174" lon="9.0479"><ele>338.05</ele><time>2026-01-21T10:09:11.483039021Z</time></trkpt><trkpt lat="48.52174" lon="9.04786"><ele>338.03</ele><time>2026-01-21T10:09:12.473487973Z</time></trkpt><trkpt lat="48.52174" lon="9.04782"><ele>338.03</ele><time>2026-01-21T10:09:13.374740958Z</time></trkpt><trkpt lat="48.52174" lon="9.04779"><ele>338.05</ele><time>2026-01-21T10:09:14.482249975Z</time></trkpt><trkpt lat="48.52175" lon="9.04776"><ele>338.1</ele><time>2026-01-21T10:09:15.473217964Z</time></trkpt><trkpt lat="48.52176" lon="9.04772"><ele>338.19</ele><time>2026-01-21T10:09:16.463574052Z</time></trkpt><trkpt lat="48.52177" lon="9.04768"><ele>338.27</ele><time>2026-01-21T10:09:17.426030993Z</time></trkpt><trkpt lat="48.52179" lon="9.04764"><ele>338.39</ele><time>2026-01-21T10:09:18.442880034Z</time></trkpt><trkpt lat="48.52179" lon="9.04761"><ele>338.53</ele><time>2026-01-21T10:09:19.473032951Z</time></trkpt><trkpt lat="48.52181" lon="9.04757"><ele>338.7</ele><time>2026-01-21T10:09:20.483209014Z</time></trkpt><trkpt lat="48.5218" lon="9.04751"><ele>338.86</ele><time>2026-01-21T10:09:21.473216057Z</time></trkpt><trkpt lat="48.5218" lon="9.04749"><ele>339.0</ele><time>2026-01-21T10:09:22.387891054Z</time></trkpt><trkpt lat="48.52179" lon="9.04739"><ele>339.12</ele><time>2026-01-21T10:09:23.452620029Z</time></trkpt><trkpt lat="48.52181" lon="9.04734"><ele>339.22</ele><time>2026-01-21T10:09:24.354493022Z</time></trkpt><trkpt lat="48.52182" lon="9.0473"><ele>339.3</ele><time>2026-01-21T10:09:25.463467956Z</time></trkpt><trkpt lat="48.52187" lon="9.04723"><ele>339.38</ele><time>2026-01-21T10:09:26.483433962Z</time></trkpt><trkpt lat="48.52192" lon="9.0472"><ele>339.46</ele><time>2026-01-21T10:09:27.473639011Z</time></trkpt><trkpt lat="48.52197" lon="9.0472"><ele>339.55</ele><time>2026-01-21T10:09:28.463523030Z</time></trkpt><trkpt lat="48.52201" lon="9.04719"><ele>339.65</ele><time>2026-01-21T10:09:29.516307950Z</time></trkpt><trkpt lat="48.52206" lon="9.04718"><ele>339.76</ele><time>2026-01-21T10:09:30.472758055Z</time></trkpt><trkpt lat="48.52211" lon="9.04716"><ele>339.72</ele><time>2026-01-21T10:09:31.403484941Z</time></trkpt><trkpt lat="48.52216" lon="9.04715"><ele>339.68</ele><time>2026-01-21T10:09:32.483571053Z</time></trkpt><trkpt lat="48.52221" lon="9.04713"><ele>339.63</ele><time>2026-01-21T10:09:33.475324988Z</time></trkpt><trkpt lat="48.52224" lon="9.04713"><ele>339.59</ele><time>2026-01-21T10:09:34.463546991Z</time></trkpt><trkpt lat="48.52229" lon="9.04712"><ele>339.53</ele><time>2026-01-21T10:09:35.485870004Z</time></trkpt><trkpt lat="48.52232" lon="9.04711"><ele>339.47</ele><time>2026-01-21T10:09:36.473180056Z</time></trkpt><trkpt lat="48.52236" lon="9.04711"><ele>339.39</ele><time>2026-01-21T10:09:37.463175058Z</time></trkpt><trkpt lat="48.52235" lon="9.04711"><ele>339.32</ele><time>2026-01-21T10:09:38.483047009Z</time></trkpt><trkpt lat="48.52236" lon="9.0471"><ele>339.25</ele><time>2026-01-21T10:09:39.382894039Z</time></trkpt><trkpt lat="48.52238" lon="9.0471"><ele>339.16</ele><time>2026-01-21T10:09:40.437626004Z</time></trkpt><trkpt lat="48.5224" lon="9.04709"><ele>339.06</ele><time>2026-01-21T10:09:41.483325958Z</time></trkpt><trkpt lat="48.52251" lon="9.04703"><ele>338.83</ele><time>2026-01-21T10:09:44.423351049Z</time></trkpt><trkpt lat="48.52254" lon="9.04701"><ele>338.49</ele><time>2026-01-21T10:09:46.493091941Z</time></trkpt><trkpt lat="48.52259" lon="9.04708"><ele>338.49</ele><time>2026-01-21T10:10:01.214197993Z</time></trkpt><trkpt lat="48.52254" lon="9.04704"><ele>337.97</ele><time>2026-01-21T10:10:01.344550967Z</time></trkpt><trkpt lat="48.52258" lon="9.04699"><ele>337.98</ele><time>2026-01-21T10:10:03.472813010Z</time></trkpt><trkpt lat="48.52259" lon="9.04698"><ele>338.0</ele><time>2026-01-21T10:10:04.492916942Z</time></trkpt><trkpt lat="48.52262" lon="9.04697"><ele>338.03</ele><time>2026-01-21T10:10:05.481322050Z</time></trkpt><trkpt lat="48.52265" lon="9.04695"><ele>338.06</ele><time>2026-01-21T10:10:06.384894967Z</time></trkpt><trkpt lat="48.52268" lon="9.04694"><ele>338.12</ele><time>2026-01-21T10:10:07.372704029Z</time></trkpt><trkpt lat="48.52272" lon="9.04692"><ele>338.17</ele><time>2026-01-21T10:10:08.405181050Z</time></trkpt><trkpt lat="48.52274" lon="9.04689"><ele>338.25</ele><time>2026-01-21T10:10:09.472851038Z</time></trkpt><trkpt lat="48.52275" lon="9.04686"><ele>338.32</ele><time>2026-01-21T10:10:10.492750049Z</time></trkpt><trkpt lat="48.52275" lon="9.0468"><ele>338.39</ele><time>2026-01-21T10:10:11.362720966Z</time></trkpt><trkpt lat="48.52275" lon="9.04676"><ele>338.46</ele><time>2026-01-21T10:10:12.355388999Z</time></trkpt><trkpt lat="48.52274" lon="9.04671"><ele>338.51</ele><time>2026-01-21T10:10:13.493317008Z</time></trkpt><trkpt lat="48.52274" lon="9.04668"><ele>338.56</ele><time>2026-01-21T10:10:14.334885001Z</time></trkpt><trkpt lat="48.52274" lon="9.04661"><ele>338.6</ele><time>2026-01-21T10:10:15.382634997Z</time></trkpt><trkpt lat="48.52274" lon="9.04658"><ele>338.64</ele><time>2026-01-21T10:10:16.350901961Z</time></trkpt><trkpt lat="48.52274" lon="9.0465"><ele>338.69</ele><time>2026-01-21T10:10:17.483649969Z</time></trkpt><trkpt lat="48.52274" lon="9.04632"><ele>338.75</ele><time>2026-01-21T10:10:18.502799988Z</time></trkpt><trkpt lat="48.52274" lon="9.04623"><ele>338.82</ele><time>2026-01-21T10:10:19.492022991Z</time></trkpt><trkpt lat="48.52274" lon="9.04615"><ele>338.88</ele><time>2026-01-21T10:10:20.383746982Z</time></trkpt><trkpt lat="48.52272" lon="9.04607"><ele>338.94</ele><time>2026-01-21T10:10:21.448480010Z</time></trkpt><trkpt lat="48.52273" lon="9.04599"><ele>338.99</ele><time>2026-01-21T10:10:22.344480038Z</time></trkpt><trkpt lat="48.52273" lon="9.04598"><ele>339.03</ele><time>2026-01-21T10:10:23.364842057Z</time></trkpt><trkpt lat="48.52276" lon="9.0458"><ele>339.08</ele><time>2026-01-21T10:10:24.354593039Z</time></trkpt><trkpt lat="48.5228" lon="9.04582"><ele>339.13</ele><time>2026-01-21T10:10:25.374927998Z</time></trkpt><trkpt lat="48.52282" lon="9.04576"><ele>339.19</ele><time>2026-01-21T10:10:26.338235974Z</time></trkpt><trkpt lat="48.52288" lon="9.04579"><ele>339.26</ele><time>2026-01-21T10:10:27.352916956Z</time></trkpt><trkpt lat="48.52293" lon="9.04579"><ele>339.32</ele><time>2026-01-21T10:10:28.344396949Z</time></trkpt><trkpt lat="48.52297" lon="9.04579"><ele>339.38</ele><time>2026-01-21T10:10:29.365614057Z</time></trkpt><trkpt lat="48.52302" lon="9.04578"><ele>339.45</ele><time>2026-01-21T10:10:30.363065004Z</time></trkpt><trkpt lat="48.52306" lon="9.04578"><ele>339.53</ele><time>2026-01-21T10:10:31.376440048Z</time></trkpt><trkpt lat="48.5231" lon="9.04577"><ele>339.6</ele><time>2026-01-21T10:10:32.363981009Z</time></trkpt><trkpt lat="48.52314" lon="9.04577"><ele>339.67</ele><time>2026-01-21T10:10:33.357714057Z</time></trkpt><trkpt lat="48.52313" lon="9.04577"><ele>339.73</ele><time>2026-01-21T10:10:34.354989052Z</time></trkpt><trkpt lat="48.52314" lon="9.04576"><ele>339.79</ele><time>2026-01-21T10:10:35.485080004Z</time></trkpt><trkpt lat="48.52319" lon="9.04576"><ele>339.85</ele><time>2026-01-21T10:10:36.355448008Z</time></trkpt><trkpt lat="48.52323" lon="9.04576"><ele>339.92</ele><time>2026-01-21T10:10:37.348214984Z</time></trkpt><trkpt lat="48.52327" lon="9.04575"><ele>339.97</ele><time>2026-01-21T10:10:38.364153028Z</time></trkpt><trkpt lat="48.52331" lon="9.04575"><ele>340.02</ele><time>2026-01-21T10:10:39.355358958Z</time></trkpt><trkpt lat="48.52335" lon="9.04573"><ele>340.08</ele><time>2026-01-21T10:10:40.343389034Z</time></trkpt><trkpt lat="48.5234" lon="9.04574"><ele>340.14</ele><time>2026-01-21T10:10:41.483340025Z</time></trkpt><trkpt lat="48.52344" lon="9.04573"><ele>340.08</ele><time>2026-01-21T10:10:42.336645007Z</time></trkpt><trkpt lat="48.52347" lon="9.04573"><ele>340.05</ele><time>2026-01-21T10:10:43.492992043Z</time></trkpt><trkpt lat="48.52351" lon="9.04571"><ele>340.06</ele><time>2026-01-21T10:10:44.513530970Z</time></trkpt><trkpt lat="48.52354" lon="9.04572"><ele>340.09</ele><time>2026-01-21T10:10:45.503723025Z</time></trkpt><trkpt lat="48.52357" lon="9.04571"><ele>340.13</ele><time>2026-01-21T10:10:46.353692055Z</time></trkpt><trkpt lat="48.52361" lon="9.04571"><ele>340.2</ele><time>2026-01-21T10:10:47.513530970Z</time></trkpt><trkpt lat="48.52364" lon="9.04571"><ele>340.29</ele><time>2026-01-21T10:10:48.503862977Z</time></trkpt><trkpt lat="48.52367" lon="9.04571"><ele>340.37</ele><time>2026-01-21T10:10:49.319802046Z</time></trkpt><trkpt lat="48.52371" lon="9.04571"><ele>340.46</ele><time>2026-01-21T10:10:50.453377008Z</time></trkpt><trkpt lat="48.52374" lon="9.04571"><ele>340.55</ele><time>2026-01-21T10:10:51.382249951Z</time></trkpt><trkpt lat="48.52377" lon="9.04571"><ele>340.55</ele><time>2026-01-21T10:10:52.477439046Z</time></trkpt><trkpt lat="48.52379" lon="9.04571"><ele>340.7</ele><time>2026-01-21T10:10:53.334681034Z</time></trkpt><trkpt lat="48.52382" lon="9.04572"><ele>340.76</ele><time>2026-01-21T10:10:54.353602052Z</time></trkpt><trkpt lat="48.52384" lon="9.04571"><ele>340.81</ele><time>2026-01-21T10:10:55.404937029Z</time></trkpt><trkpt lat="48.52386" lon="9.04572"><ele>340.87</ele><time>2026-01-21T10:10:56.482918978Z</time></trkpt><trkpt lat="48.5239" lon="9.04571"><ele>340.95</ele><time>2026-01-21T10:10:57.354516029Z</time></trkpt><trkpt lat="48.52393" lon="9.0457"><ele>341.04</ele><time>2026-01-21T10:10:58.344282985Z</time></trkpt><trkpt lat="48.52398" lon="9.04567"><ele>341.15</ele><time>2026-01-21T10:10:59.364663005Z</time></trkpt><trkpt lat="48.52401" lon="9.04564"><ele>341.3</ele><time>2026-01-21T10:11:00.472702026Z</time></trkpt><trkpt lat="48.52404" lon="9.0456"><ele>341.49</ele><time>2026-01-21T10:11:01.403241038Z</time></trkpt><trkpt lat="48.52406" lon="9.04557"><ele>341.72</ele><time>2026-01-21T10:11:02.482416987Z</time></trkpt><trkpt lat="48.5241" lon="9.0455"><ele>341.98</ele><time>2026-01-21T10:11:03.382804036Z</time></trkpt><trkpt lat="48.52413" lon="9.04545"><ele>342.27</ele><time>2026-01-21T10:11:04.402519941Z</time></trkpt><trkpt lat="48.52416" lon="9.04539"><ele>342.59</ele><time>2026-01-21T10:11:05.424932003Z</time></trkpt><trkpt lat="48.52418" lon="9.04533"><ele>342.86</ele><time>2026-01-21T10:11:06.504469991Z</time></trkpt><trkpt lat="48.52421" lon="9.04526"><ele>343.14</ele><time>2026-01-21T10:11:07.432852983Z</time></trkpt><trkpt lat="48.52423" lon="9.04522"><ele>343.42</ele><time>2026-01-21T10:11:08.514657974Z</time></trkpt><trkpt lat="48.52425" lon="9.04516"><ele>343.7</ele><time>2026-01-21T10:11:09.442399025Z</time></trkpt><trkpt lat="48.52427" lon="9.04511"><ele>343.99</ele><time>2026-01-21T10:11:10.522922993Z</time></trkpt><trkpt lat="48.52428" lon="9.0451"><ele>344.28</ele><time>2026-01-21T10:11:11.482732058Z</time></trkpt><trkpt lat="48.52431" lon="9.045"><ele>344.58</ele><time>2026-01-21T10:11:12.403360009Z</time></trkpt><trkpt lat="48.52431" lon="9.04501"><ele>344.87</ele><time>2026-01-21T10:11:13.432657957Z</time></trkpt><trkpt lat="48.52437" lon="9.04486"><ele>344.87</ele><time>2026-01-21T10:11:14.522390962Z</time></trkpt><trkpt lat="48.52439" lon="9.04476"><ele>345.44</ele><time>2026-01-21T10:11:15.503124952Z</time></trkpt><trkpt lat="48.52443" lon="9.0447"><ele>345.73</ele><time>2026-01-21T10:11:16.522842050Z</time></trkpt><trkpt lat="48.52446" lon="9.04465"><ele>346.0</ele><time>2026-01-21T10:11:17.512240052Z</time></trkpt><trkpt lat="48.52449" lon="9.0446"><ele>346.25</ele><time>2026-01-21T10:11:18.352440953Z</time></trkpt><trkpt lat="48.52452" lon="9.04456"><ele>346.51</ele><time>2026-01-21T10:11:19.522663951Z</time></trkpt><trkpt lat="48.52455" lon="9.0445"><ele>346.76</ele><time>2026-01-21T10:11:20.512267947Z</time></trkpt><trkpt lat="48.52458" lon="9.04445"><ele>346.99</ele><time>2026-01-21T10:11:21.502326012Z</time></trkpt><trkpt lat="48.52459" lon="9.04443"><ele>347.2</ele><time>2026-01-21T10:11:22.462206960Z</time></trkpt><trkpt lat="48.52462" lon="9.04433"><ele>347.39</ele><time>2026-01-21T10:11:23.515387058Z</time></trkpt><trkpt lat="48.52465" lon="9.04427"><ele>347.55</ele><time>2026-01-21T10:11:24.536918998Z</time></trkpt><trkpt lat="48.52467" lon="9.0442"><ele>347.69</ele><time>2026-01-21T10:11:25.496284008Z</time></trkpt><trkpt lat="48.52468" lon="9.0442"><ele>347.84</ele><time>2026-01-21T10:11:26.515347004Z</time></trkpt><trkpt lat="48.52471" lon="9.04408"><ele>348.01</ele><time>2026-01-21T10:11:27.384222031Z</time></trkpt><trkpt lat="48.52473" lon="9.044"><ele>348.19</ele><time>2026-01-21T10:11:28.323182940Z</time></trkpt><trkpt lat="48.52474" lon="9.04396"><ele>348.38</ele><time>2026-01-21T10:11:29.387832999Z</time></trkpt><trkpt lat="48.52477" lon="9.04384"><ele>348.59</ele><time>2026-01-21T10:11:30.442759037Z</time></trkpt><trkpt lat="48.52478" lon="9.04382"><ele>348.81</ele><time>2026-01-21T10:11:31.491883039Z</time></trkpt><trkpt lat="48.5248" lon="9.04372"><ele>349.05</ele><time>2026-01-21T10:11:32.516087055Z</time></trkpt><trkpt lat="48.52482" lon="9.04364"><ele>349.32</ele><time>2026-01-21T10:11:33.503746033Z</time></trkpt><trkpt lat="48.52483" lon="9.04364"><ele>349.6</ele><time>2026-01-21T10:11:34.523803949Z</time></trkpt><trkpt lat="48.52486" lon="9.04348"><ele>349.6</ele><time>2026-01-21T10:11:35.513893008Z</time></trkpt><trkpt lat="48.52488" lon="9.04339"><ele>350.16</ele><time>2026-01-21T10:11:36.412840009Z</time></trkpt><trkpt lat="48.5249" lon="9.04331"><ele>350.43</ele><time>2026-01-21T10:11:37.526574016Z</time></trkpt><trkpt lat="48.52492" lon="9.04322"><ele>350.65</ele><time>2026-01-21T10:11:38.514919996Z</time></trkpt><trkpt lat="48.52494" lon="9.04314"><ele>350.84</ele><time>2026-01-21T10:11:39.506629944Z</time></trkpt><trkpt lat="48.52496" lon="9.04307"><ele>351.0</ele><time>2026-01-21T10:11:40.495818019Z</time></trkpt><trkpt lat="48.52497" lon="9.04298"><ele>351.13</ele><time>2026-01-21T10:11:41.336163044Z</time></trkpt><trkpt lat="48.52499" lon="9.04291"><ele>351.11</ele><time>2026-01-21T10:11:42.537228942Z</time></trkpt><trkpt lat="48.52501" lon="9.04285"><ele>351.09</ele><time>2026-01-21T10:11:43.525709987Z</time></trkpt><trkpt lat="48.52504" lon="9.04274"><ele>351.09</ele><time>2026-01-21T10:11:44.547582984Z</time></trkpt><trkpt lat="48.52507" lon="9.04267"><ele>351.09</ele><time>2026-01-21T10:11:45.414361954Z</time></trkpt><trkpt lat="48.52509" lon="9.04258"><ele>351.12</ele><time>2026-01-21T10:11:46.362751961Z</time></trkpt><trkpt lat="48.52512" lon="9.0425"><ele>351.16</ele><time>2026-01-21T10:11:47.427185059Z</time></trkpt><trkpt lat="48.52513" lon="9.04248"><ele>351.23</ele><time>2026-01-21T10:11:48.491860986Z</time></trkpt><trkpt lat="48.52517" lon="9.04237"><ele>351.32</ele><time>2026-01-21T10:11:49.523543954Z</time></trkpt><trkpt lat="48.5252" lon="9.04229"><ele>351.4</ele><time>2026-01-21T10:11:50.334341049Z</time></trkpt><trkpt lat="48.52522" lon="9.0422"><ele>351.48</ele><time>2026-01-21T10:11:51.503841043Z</time></trkpt><trkpt lat="48.52525" lon="9.04211"><ele>351.55</ele><time>2026-01-21T10:11:52.523959041Z</time></trkpt><trkpt lat="48.52526" lon="9.04204"><ele>351.6</ele><time>2026-01-21T10:11:53.547191978Z</time></trkpt><trkpt lat="48.52528" lon="9.04194"><ele>351.65</ele><time>2026-01-21T10:11:54.414394021Z</time></trkpt><trkpt lat="48.52529" lon="9.04184"><ele>351.69</ele><time>2026-01-21T10:11:55.525732040Z</time></trkpt><trkpt lat="48.5253" lon="9.04182"><ele>351.72</ele><time>2026-01-21T10:11:56.515895009Z</time></trkpt><trkpt lat="48.52531" lon="9.04169"><ele>351.75</ele><time>2026-01-21T10:11:57.505493999Z</time></trkpt><trkpt lat="48.5253" lon="9.04161"><ele>351.78</ele><time>2026-01-21T10:11:58.522158027Z</time></trkpt><trkpt lat="48.52531" lon="9.04157"><ele>351.81</ele><time>2026-01-21T10:11:59.335055947Z</time></trkpt><trkpt lat="48.52531" lon="9.0414"><ele>351.83</ele><time>2026-01-21T10:12:00.532899022Z</time></trkpt><trkpt lat="48.5253" lon="9.04138"><ele>351.83</ele><time>2026-01-21T10:12:01.343121052Z</time></trkpt><trkpt lat="48.5253" lon="9.04123"><ele>351.8</ele><time>2026-01-21T10:12:02.514678001Z</time></trkpt><trkpt lat="48.52529" lon="9.04103"><ele>351.71</ele><time>2026-01-21T10:12:04.412148952Z</time></trkpt><trkpt lat="48.52529" lon="9.04089"><ele>351.65</ele><time>2026-01-21T10:12:05.476745963Z</time></trkpt><trkpt lat="48.52526" lon="9.04091"><ele>351.62</ele><time>2026-01-21T10:12:06.531399965Z</time></trkpt><trkpt lat="48.52526" lon="9.04077"><ele>351.6</ele><time>2026-01-21T10:12:07.523957014Z</time></trkpt><trkpt lat="48.52527" lon="9.04065"><ele>351.59</ele><time>2026-01-21T10:12:08.361644030Z</time></trkpt><trkpt lat="48.52528" lon="9.04069"><ele>351.59</ele><time>2026-01-21T10:12:09.381801963Z</time></trkpt><trkpt lat="48.52527" lon="9.04049"><ele>351.61</ele><time>2026-01-21T10:12:10.372272015Z</time></trkpt><trkpt lat="48.52526" lon="9.04045"><ele>351.64</ele><time>2026-01-21T10:12:11.364006996Z</time></trkpt><trkpt lat="48.52525" lon="9.04025"><ele>351.67</ele><time>2026-01-21T10:12:12.354655981Z</time></trkpt><trkpt lat="48.52525" lon="9.04015"><ele>351.72</ele><time>2026-01-21T10:12:13.373420Z</time></trkpt><trkpt lat="48.52524" lon="9.04003"><ele>351.79</ele><time>2026-01-21T10:12:14.372336984Z</time></trkpt><trkpt lat="48.52524" lon="9.04002"><ele>351.85</ele><time>2026-01-21T10:12:15.383334041Z</time></trkpt><trkpt lat="48.52523" lon="9.03986"><ele>351.94</ele><time>2026-01-21T10:12:16.343348026Z</time></trkpt><trkpt lat="48.52522" lon="9.03976"><ele>352.03</ele><time>2026-01-21T10:12:17.362494946Z</time></trkpt><trkpt lat="48.52522" lon="9.03967"><ele>352.14</ele><time>2026-01-21T10:12:18.383049011Z</time></trkpt><trkpt lat="48.52521" lon="9.03957"><ele>352.28</ele><time>2026-01-21T10:12:19.375169039Z</time></trkpt><trkpt lat="48.5252" lon="9.0395"><ele>352.44</ele><time>2026-01-21T10:12:20.394667983Z</time></trkpt><trkpt lat="48.5252" lon="9.03949"><ele>352.59</ele><time>2026-01-21T10:12:21.408395052Z</time></trkpt><trkpt lat="48.5252" lon="9.03934"><ele>352.74</ele><time>2026-01-21T10:12:22.314681053Z</time></trkpt><trkpt lat="48.52519" lon="9.0392"><ele>352.9</ele><time>2026-01-21T10:12:23.516224027Z</time></trkpt><trkpt lat="48.52518" lon="9.03911"><ele>353.08</ele><time>2026-01-21T10:12:24.442738056Z</time></trkpt><trkpt lat="48.52518" lon="9.03901"><ele>353.28</ele><time>2026-01-21T10:12:25.452363014Z</time></trkpt><trkpt lat="48.52517" lon="9.03892"><ele>353.48</ele><time>2026-01-21T10:12:26.422484994Z</time></trkpt><trkpt lat="48.52517" lon="9.03881"><ele>353.69</ele><time>2026-01-21T10:12:27.472501993Z</time></trkpt><trkpt lat="48.52516" lon="9.03872"><ele>353.92</ele><time>2026-01-21T10:12:28.435052991Z</time></trkpt><trkpt lat="48.52515" lon="9.03861"><ele>354.15</ele><time>2026-01-21T10:12:29.452600956Z</time></trkpt><trkpt lat="48.52515" lon="9.03852"><ele>354.36</ele><time>2026-01-21T10:12:30.472918987Z</time></trkpt><trkpt lat="48.52515" lon="9.03844"><ele>354.57</ele><time>2026-01-21T10:12:31.345049024Z</time></trkpt><trkpt lat="48.52514" lon="9.03836"><ele>354.8</ele><time>2026-01-21T10:12:32.343428016Z</time></trkpt><trkpt lat="48.52514" lon="9.03828"><ele>354.98</ele><time>2026-01-21T10:12:33.472852945Z</time></trkpt><trkpt lat="48.52514" lon="9.03819"><ele>355.15</ele><time>2026-01-21T10:12:34.462923050Z</time></trkpt><trkpt lat="48.52514" lon="9.03809"><ele>355.33</ele><time>2026-01-21T10:12:35.451701999Z</time></trkpt><trkpt lat="48.52513" lon="9.038"><ele>355.5</ele><time>2026-01-21T10:12:36.442559958Z</time></trkpt><trkpt lat="48.52513" lon="9.03792"><ele>355.7</ele><time>2026-01-21T10:12:37.433370948Z</time></trkpt><trkpt lat="48.52513" lon="9.03784"><ele>355.88</ele><time>2026-01-21T10:12:38.454864979Z</time></trkpt><trkpt lat="48.52513" lon="9.03775"><ele>356.06</ele><time>2026-01-21T10:12:39.436375976Z</time></trkpt><trkpt lat="48.52513" lon="9.03759"><ele>356.24</ele><time>2026-01-21T10:12:41.482750058Z</time></trkpt><trkpt lat="48.52513" lon="9.03761"><ele>356.47</ele><time>2026-01-21T10:12:42.412868977Z</time></trkpt><trkpt lat="48.52513" lon="9.03743"><ele>356.54</ele><time>2026-01-21T10:12:43.462795973Z</time></trkpt><trkpt lat="48.52513" lon="9.03732"><ele>356.64</ele><time>2026-01-21T10:12:44.422737002Z</time></trkpt><trkpt lat="48.52513" lon="9.03722"><ele>356.75</ele><time>2026-01-21T10:12:45.324535966Z</time></trkpt><trkpt lat="48.52513" lon="9.03718"><ele>356.88</ele><time>2026-01-21T10:12:46.462705016Z</time></trkpt><trkpt lat="48.52512" lon="9.03707"><ele>357.01</ele><time>2026-01-21T10:12:47.452566981Z</time></trkpt><trkpt lat="48.52513" lon="9.0371"><ele>357.16</ele><time>2026-01-21T10:12:48.442237020Z</time></trkpt><trkpt lat="48.52512" lon="9.03692"><ele>357.3</ele><time>2026-01-21T10:12:49.324370980Z</time></trkpt><trkpt lat="48.52512" lon="9.03681"><ele>357.43</ele><time>2026-01-21T10:12:50.482867956Z</time></trkpt><trkpt lat="48.52512" lon="9.03673"><ele>357.55</ele><time>2026-01-21T10:12:51.442760944Z</time></trkpt><trkpt lat="48.52511" lon="9.03665"><ele>357.65</ele><time>2026-01-21T10:12:52.473902941Z</time></trkpt><trkpt lat="48.52511" lon="9.03659"><ele>357.7</ele><time>2026-01-21T10:12:53.364984989Z</time></trkpt><trkpt lat="48.52511" lon="9.03654"><ele>357.68</ele><time>2026-01-21T10:12:54.533293962Z</time></trkpt><trkpt lat="48.52511" lon="9.0365"><ele>357.61</ele><time>2026-01-21T10:12:55.356508017Z</time></trkpt><trkpt lat="48.52511" lon="9.03644"><ele>357.5</ele><time>2026-01-21T10:12:56.397590995Z</time></trkpt><trkpt lat="48.5251" lon="9.0364"><ele>357.36</ele><time>2026-01-21T10:12:57.475785017Z</time></trkpt><trkpt lat="48.5251" lon="9.03637"><ele>357.21</ele><time>2026-01-21T10:12:58.522732019Z</time></trkpt><trkpt lat="48.52509" lon="9.03632"><ele>357.08</ele><time>2026-01-21T10:12:59.542732Z</time></trkpt><trkpt lat="48.52509" lon="9.03628"><ele>356.98</ele><time>2026-01-21T10:13:00.532996058Z</time></trkpt><trkpt lat="48.52507" lon="9.03623"><ele>356.9</ele><time>2026-01-21T10:13:01.522686958Z</time></trkpt><trkpt lat="48.52506" lon="9.03617"><ele>356.85</ele><time>2026-01-21T10:13:02.542803049Z</time></trkpt><trkpt lat="48.52504" lon="9.03611"><ele>356.88</ele><time>2026-01-21T10:13:03.533378005Z</time></trkpt><trkpt lat="48.52503" lon="9.03604"><ele>356.96</ele><time>2026-01-21T10:13:04.553225040Z</time></trkpt><trkpt lat="48.52502" lon="9.03598"><ele>357.07</ele><time>2026-01-21T10:13:05.422387004Z</time></trkpt><trkpt lat="48.52501" lon="9.03592"><ele>357.23</ele><time>2026-01-21T10:13:06.535796046Z</time></trkpt><trkpt lat="48.52499" lon="9.03584"><ele>357.42</ele><time>2026-01-21T10:13:07.523087978Z</time></trkpt><trkpt lat="48.52498" lon="9.03575"><ele>357.59</ele><time>2026-01-21T10:13:08.542706013Z</time></trkpt><trkpt lat="48.52496" lon="9.03566"><ele>357.74</ele><time>2026-01-21T10:13:09.531831980Z</time></trkpt><trkpt lat="48.52494" lon="9.03557"><ele>357.88</ele><time>2026-01-21T10:13:10.344630003Z</time></trkpt><trkpt lat="48.52493" lon="9.03546"><ele>358.01</ele><time>2026-01-21T10:13:11.334553003Z</time></trkpt><trkpt lat="48.52491" lon="9.03537"><ele>358.12</ele><time>2026-01-21T10:13:12.563294053Z</time></trkpt><trkpt lat="48.52489" lon="9.03527"><ele>358.21</ele><time>2026-01-21T10:13:13.344588995Z</time></trkpt><trkpt lat="48.52487" lon="9.03517"><ele>358.34</ele><time>2026-01-21T10:13:14.450039029Z</time></trkpt><trkpt lat="48.52486" lon="9.0351"><ele>358.49</ele><time>2026-01-21T10:13:15.381605029Z</time></trkpt><trkpt lat="48.52484" lon="9.035"><ele>358.63</ele><time>2026-01-21T10:13:16.552857041Z</time></trkpt><trkpt lat="48.52482" lon="9.03491"><ele>358.78</ele><time>2026-01-21T10:13:17.392510056Z</time></trkpt><trkpt lat="48.52481" lon="9.03485"><ele>358.92</ele><time>2026-01-21T10:13:18.532683969Z</time></trkpt><trkpt lat="48.5248" lon="9.03476"><ele>359.04</ele><time>2026-01-21T10:13:19.315768003Z</time></trkpt><trkpt lat="48.52478" lon="9.03467"><ele>359.1</ele><time>2026-01-21T10:13:20.544649959Z</time></trkpt><trkpt lat="48.52477" lon="9.03458"><ele>359.14</ele><time>2026-01-21T10:13:21.532896042Z</time></trkpt><trkpt lat="48.52476" lon="9.0345"><ele>359.14</ele><time>2026-01-21T10:13:22.492889047Z</time></trkpt><trkpt lat="48.52474" lon="9.03442"><ele>359.11</ele><time>2026-01-21T10:13:23.333899975Z</time></trkpt><trkpt lat="48.52472" lon="9.03434"><ele>359.09</ele><time>2026-01-21T10:13:24.532858968Z</time></trkpt><trkpt lat="48.5247" lon="9.03425"><ele>359.06</ele><time>2026-01-21T10:13:25.553339005Z</time></trkpt><trkpt lat="48.52468" lon="9.03419"><ele>359.08</ele><time>2026-01-21T10:13:26.572780967Z</time></trkpt><trkpt lat="48.52467" lon="9.03412"><ele>359.13</ele><time>2026-01-21T10:13:27.414466977Z</time></trkpt><trkpt lat="48.52465" lon="9.03408"><ele>359.2</ele><time>2026-01-21T10:13:28.492583036Z</time></trkpt><trkpt lat="48.52463" lon="9.03398"><ele>359.33</ele><time>2026-01-21T10:13:29.315104961Z</time></trkpt><trkpt lat="48.52462" lon="9.03391"><ele>359.49</ele><time>2026-01-21T10:13:30.369560003Z</time></trkpt><trkpt lat="48.52459" lon="9.03383"><ele>359.65</ele><time>2026-01-21T10:13:31.434530973Z</time></trkpt><trkpt lat="48.52459" lon="9.03379"><ele>359.82</ele><time>2026-01-21T10:13:32.499196053Z</time></trkpt><trkpt lat="48.52457" lon="9.03367"><ele>360.01</ele><time>2026-01-21T10:13:33.553707957Z</time></trkpt><trkpt lat="48.52457" lon="9.03358"><ele>360.2</ele><time>2026-01-21T10:13:34.551808Z</time></trkpt><trkpt lat="48.52456" lon="9.03351"><ele>360.37</ele><time>2026-01-21T10:13:35.542055011Z</time></trkpt><trkpt lat="48.52456" lon="9.03343"><ele>360.52</ele><time>2026-01-21T10:13:36.445206046Z</time></trkpt><trkpt lat="48.52456" lon="9.03335"><ele>360.66</ele><time>2026-01-21T10:13:37.553213Z</time></trkpt><trkpt lat="48.52457" lon="9.03328"><ele>360.78</ele><time>2026-01-21T10:13:38.572633028Z</time></trkpt><trkpt lat="48.52458" lon="9.0332"><ele>360.89</ele><time>2026-01-21T10:13:39.322340012Z</time></trkpt><trkpt lat="48.52459" lon="9.03315"><ele>361.01</ele><time>2026-01-21T10:13:40.431676984Z</time></trkpt><trkpt lat="48.5246" lon="9.0331"><ele>361.14</ele><time>2026-01-21T10:13:41.542664051Z</time></trkpt><trkpt lat="48.52462" lon="9.03305"><ele>361.1</ele><time>2026-01-21T10:13:42.563140988Z</time></trkpt><trkpt lat="48.52466" lon="9.03298"><ele>361.09</ele><time>2026-01-21T10:13:43.552312970Z</time></trkpt><trkpt lat="48.52469" lon="9.03292"><ele>361.08</ele><time>2026-01-21T10:13:44.573129058Z</time></trkpt><trkpt lat="48.52472" lon="9.03287"><ele>361.08</ele><time>2026-01-21T10:13:45.562883973Z</time></trkpt><trkpt lat="48.52476" lon="9.03281"><ele>361.06</ele><time>2026-01-21T10:13:46.552453041Z</time></trkpt><trkpt lat="48.52477" lon="9.03278"><ele>361.04</ele><time>2026-01-21T10:13:47.301628947Z</time></trkpt><trkpt lat="48.52482" lon="9.0327"><ele>361.0</ele><time>2026-01-21T10:13:48.409193039Z</time></trkpt><trkpt lat="48.52486" lon="9.03264"><ele>360.96</ele><time>2026-01-21T10:13:49.462775946Z</time></trkpt><trkpt lat="48.5249" lon="9.03258"><ele>360.9</ele><time>2026-01-21T10:13:50.537732959Z</time></trkpt><trkpt lat="48.52494" lon="9.03252"><ele>360.85</ele><time>2026-01-21T10:13:51.562752962Z</time></trkpt><trkpt lat="48.52498" lon="9.03247"><ele>360.81</ele><time>2026-01-21T10:13:52.552775979Z</time></trkpt><trkpt lat="48.52501" lon="9.03242"><ele>360.8</ele><time>2026-01-21T10:13:53.572751045Z</time></trkpt><trkpt lat="48.52505" lon="9.03235"><ele>360.81</ele><time>2026-01-21T10:13:54.383157969Z</time></trkpt><trkpt lat="48.52509" lon="9.03228"><ele>360.84</ele><time>2026-01-21T10:13:55.552078009Z</time></trkpt><trkpt lat="48.52512" lon="9.03222"><ele>360.88</ele><time>2026-01-21T10:13:56.542804956Z</time></trkpt><trkpt lat="48.52514" lon="9.0322"><ele>360.92</ele><time>2026-01-21T10:13:57.562834024Z</time></trkpt><trkpt lat="48.52518" lon="9.03209"><ele>360.94</ele><time>2026-01-21T10:13:58.374315023Z</time></trkpt><trkpt lat="48.52521" lon="9.032"><ele>360.93</ele><time>2026-01-21T10:13:59.301866055Z</time></trkpt><trkpt lat="48.52523" lon="9.03191"><ele>360.92</ele><time>2026-01-21T10:14:00.562950969Z</time></trkpt><trkpt lat="48.52525" lon="9.03183"><ele>360.9</ele><time>2026-01-21T10:14:01.342854023Z</time></trkpt><trkpt lat="48.52527" lon="9.03174"><ele>360.86</ele><time>2026-01-21T10:14:02.334416032Z</time></trkpt><trkpt lat="48.52527" lon="9.03173"><ele>360.79</ele><time>2026-01-21T10:14:03.322702050Z</time></trkpt><trkpt lat="48.52529" lon="9.03156"><ele>360.72</ele><time>2026-01-21T10:14:04.344519019Z</time></trkpt><trkpt lat="48.52529" lon="9.03158"><ele>360.63</ele><time>2026-01-21T10:14:05.392287016Z</time></trkpt><trkpt lat="48.52529" lon="9.03143"><ele>360.51</ele><time>2026-01-21T10:14:06.446838021Z</time></trkpt><trkpt lat="48.52529" lon="9.03129"><ele>360.38</ele><time>2026-01-21T10:14:07.344488978Z</time></trkpt><trkpt lat="48.52529" lon="9.03113"><ele>360.25</ele><time>2026-01-21T10:14:08.543179989Z</time></trkpt><trkpt lat="48.52528" lon="9.03097"><ele>360.05</ele><time>2026-01-21T10:14:10.553284049Z</time></trkpt><trkpt lat="48.52527" lon="9.03088"><ele>359.95</ele><time>2026-01-21T10:14:11.340600967Z</time></trkpt><trkpt lat="48.52526" lon="9.03076"><ele>359.83</ele><time>2026-01-21T10:14:12.324563026Z</time></trkpt><trkpt lat="48.52525" lon="9.03067"><ele>359.65</ele><time>2026-01-21T10:14:13.582201004Z</time></trkpt><trkpt lat="48.52524" lon="9.03057"><ele>359.37</ele><time>2026-01-21T10:14:14.341814995Z</time></trkpt><trkpt lat="48.52522" lon="9.03048"><ele>359.0</ele><time>2026-01-21T10:14:15.472121Z</time></trkpt><trkpt lat="48.52519" lon="9.03041"><ele>358.56</ele><time>2026-01-21T10:14:16.344668031Z</time></trkpt><trkpt lat="48.52516" lon="9.03035"><ele>358.19</ele><time>2026-01-21T10:14:17.337556005Z</time></trkpt><trkpt lat="48.52512" lon="9.03029"><ele>357.77</ele><time>2026-01-21T10:14:18.562679052Z</time></trkpt><trkpt lat="48.52507" lon="9.03025"><ele>357.34</ele><time>2026-01-21T10:14:19.344475985Z</time></trkpt><trkpt lat="48.52502" lon="9.0302"><ele>356.95</ele><time>2026-01-21T10:14:20.573133945Z</time></trkpt><trkpt lat="48.52496" lon="9.03015"><ele>356.59</ele><time>2026-01-21T10:14:21.354529023Z</time></trkpt><trkpt lat="48.52491" lon="9.03011"><ele>356.26</ele><time>2026-01-21T10:14:22.365803003Z</time></trkpt><trkpt lat="48.52485" lon="9.03006"><ele>355.94</ele><time>2026-01-21T10:14:23.430364966Z</time></trkpt><trkpt lat="48.52481" lon="9.03002"><ele>355.61</ele><time>2026-01-21T10:14:24.485038042Z</time></trkpt><trkpt lat="48.52477" lon="9.02999"><ele>355.27</ele><time>2026-01-21T10:14:25.549754024Z</time></trkpt><trkpt lat="48.52472" lon="9.02995"><ele>354.88</ele><time>2026-01-21T10:14:26.394068003Z</time></trkpt><trkpt lat="48.52468" lon="9.02992"><ele>354.44</ele><time>2026-01-21T10:14:27.562929988Z</time></trkpt><trkpt lat="48.52465" lon="9.02989"><ele>353.96</ele><time>2026-01-21T10:14:28.342769980Z</time></trkpt><trkpt lat="48.52462" lon="9.02985"><ele>353.43</ele><time>2026-01-21T10:14:29.306939006Z</time></trkpt><trkpt lat="48.52457" lon="9.02981"><ele>352.88</ele><time>2026-01-21T10:14:30.562973022Z</time></trkpt><trkpt lat="48.52454" lon="9.02977"><ele>352.35</ele><time>2026-01-21T10:14:31.522519946Z</time></trkpt><trkpt lat="48.52451" lon="9.02973"><ele>351.87</ele><time>2026-01-21T10:14:32.572666049Z</time></trkpt><trkpt lat="48.52448" lon="9.0297"><ele>351.43</ele><time>2026-01-21T10:14:33.354282975Z</time></trkpt><trkpt lat="48.52445" lon="9.02967"><ele>351.08</ele><time>2026-01-21T10:14:34.582934022Z</time></trkpt><trkpt lat="48.52443" lon="9.02964"><ele>350.79</ele><time>2026-01-21T10:14:35.574429989Z</time></trkpt><trkpt lat="48.5244" lon="9.0296"><ele>350.56</ele><time>2026-01-21T10:14:36.562908053Z</time></trkpt><trkpt lat="48.52439" lon="9.02954"><ele>350.39</ele><time>2026-01-21T10:14:37.582772017Z</time></trkpt><trkpt lat="48.52439" lon="9.02948"><ele>350.26</ele><time>2026-01-21T10:14:38.572952986Z</time></trkpt><trkpt lat="48.52439" lon="9.02941"><ele>350.17</ele><time>2026-01-21T10:14:39.591863990Z</time></trkpt><trkpt lat="48.52438" lon="9.02935"><ele>350.12</ele><time>2026-01-21T10:14:40.403715968Z</time></trkpt><trkpt lat="48.52439" lon="9.02928"><ele>350.1</ele><time>2026-01-21T10:14:41.364338994Z</time></trkpt><trkpt lat="48.52439" lon="9.02921"><ele>349.95</ele><time>2026-01-21T10:14:42.533146024Z</time></trkpt><trkpt lat="48.52438" lon="9.02914"><ele>349.83</ele><time>2026-01-21T10:14:43.342625976Z</time></trkpt><trkpt lat="48.52438" lon="9.02906"><ele>349.73</ele><time>2026-01-21T10:14:44.451450944Z</time></trkpt><trkpt lat="48.52438" lon="9.029"><ele>349.63</ele><time>2026-01-21T10:14:45.592653036Z</time></trkpt><trkpt lat="48.52437" lon="9.02892"><ele>349.55</ele><time>2026-01-21T10:14:46.582528949Z</time></trkpt><trkpt lat="48.52436" lon="9.02885"><ele>349.46</ele><time>2026-01-21T10:14:47.572595Z</time></trkpt><trkpt lat="48.52434" lon="9.02879"><ele>349.37</ele><time>2026-01-21T10:14:48.592170954Z</time></trkpt><trkpt lat="48.52433" lon="9.02873"><ele>349.27</ele><time>2026-01-21T10:14:49.344382048Z</time></trkpt><trkpt lat="48.52431" lon="9.02867"><ele>349.15</ele><time>2026-01-21T10:14:50.602421045Z</time></trkpt><trkpt lat="48.5243" lon="9.02861"><ele>349.02</ele><time>2026-01-21T10:14:51.351894021Z</time></trkpt><trkpt lat="48.5243" lon="9.02856"><ele>348.91</ele><time>2026-01-21T10:14:52.344282985Z</time></trkpt><trkpt lat="48.5243" lon="9.02852"><ele>348.79</ele><time>2026-01-21T10:14:53.571758986Z</time></trkpt><trkpt lat="48.52431" lon="9.02846"><ele>348.65</ele><time>2026-01-21T10:14:54.361148953Z</time></trkpt><trkpt lat="48.52433" lon="9.02843"><ele>348.52</ele><time>2026-01-21T10:14:55.432623982Z</time></trkpt><trkpt lat="48.52435" lon="9.02839"><ele>348.4</ele><time>2026-01-21T10:14:56.336701989Z</time></trkpt><trkpt lat="48.52437" lon="9.02834"><ele>348.32</ele><time>2026-01-21T10:14:57.382298946Z</time></trkpt><trkpt lat="48.52439" lon="9.02829"><ele>348.27</ele><time>2026-01-21T10:14:58.441740036Z</time></trkpt><trkpt lat="48.52441" lon="9.02824"><ele>348.28</ele><time>2026-01-21T10:14:59.506325960Z</time></trkpt><trkpt lat="48.52443" lon="9.02819"><ele>348.31</ele><time>2026-01-21T10:15:00.384138942Z</time></trkpt><trkpt lat="48.52446" lon="9.02812"><ele>348.38</ele><time>2026-01-21T10:15:01.582509041Z</time></trkpt><trkpt lat="48.52448" lon="9.02807"><ele>348.48</ele><time>2026-01-21T10:15:02.452734947Z</time></trkpt><trkpt lat="48.52449" lon="9.02801"><ele>348.63</ele><time>2026-01-21T10:15:03.592749Z</time></trkpt><trkpt lat="48.52451" lon="9.02794"><ele>348.81</ele><time>2026-01-21T10:15:04.462602973Z</time></trkpt><trkpt lat="48.52453" lon="9.02787"><ele>349.0</ele><time>2026-01-21T10:15:05.313668966Z</time></trkpt><trkpt lat="48.52454" lon="9.02785"><ele>349.19</ele><time>2026-01-21T10:15:06.592481971Z</time></trkpt><trkpt lat="48.52456" lon="9.02773"><ele>349.35</ele><time>2026-01-21T10:15:07.582741022Z</time></trkpt><trkpt lat="48.52459" lon="9.02765"><ele>349.5</ele><time>2026-01-21T10:15:08.574555993Z</time></trkpt><trkpt lat="48.5246" lon="9.02758"><ele>349.63</ele><time>2026-01-21T10:15:09.412428975Z</time></trkpt><trkpt lat="48.5246" lon="9.02759"><ele>349.73</ele><time>2026-01-21T10:15:10.581895947Z</time></trkpt><trkpt lat="48.52464" lon="9.02746"><ele>349.84</ele><time>2026-01-21T10:15:11.308300972Z</time></trkpt><trkpt lat="48.52467" lon="9.02737"><ele>349.94</ele><time>2026-01-21T10:15:12.592386961Z</time></trkpt><trkpt lat="48.52469" lon="9.02729"><ele>350.02</ele><time>2026-01-21T10:15:13.492115021Z</time></trkpt><trkpt lat="48.5247" lon="9.02725"><ele>350.1</ele><time>2026-01-21T10:15:14.336366057Z</time></trkpt><trkpt lat="48.52473" lon="9.02714"><ele>350.18</ele><time>2026-01-21T10:15:15.425117970Z</time></trkpt><trkpt lat="48.52476" lon="9.02707"><ele>350.27</ele><time>2026-01-21T10:15:16.479604006Z</time></trkpt><trkpt lat="48.52477" lon="9.02701"><ele>350.38</ele><time>2026-01-21T10:15:17.544136047Z</time></trkpt><trkpt lat="48.5248" lon="9.02694"><ele>350.49</ele><time>2026-01-21T10:15:18.412246943Z</time></trkpt><trkpt lat="48.52483" lon="9.02683"><ele>350.61</ele><time>2026-01-21T10:15:19.313843966Z</time></trkpt><trkpt lat="48.52486" lon="9.02675"><ele>350.74</ele><time>2026-01-21T10:15:20.572592974Z</time></trkpt><trkpt lat="48.52488" lon="9.02666"><ele>350.87</ele><time>2026-01-21T10:15:21.592198968Z</time></trkpt><trkpt lat="48.52489" lon="9.02662"><ele>350.99</ele><time>2026-01-21T10:15:22.492282987Z</time></trkpt><trkpt lat="48.52493" lon="9.02651"><ele>351.1</ele><time>2026-01-21T10:15:23.336454988Z</time></trkpt><trkpt lat="48.52497" lon="9.02642"><ele>351.19</ele><time>2026-01-21T10:15:24.592538953Z</time></trkpt><trkpt lat="48.52501" lon="9.02632"><ele>351.25</ele><time>2026-01-21T10:15:25.581720948Z</time></trkpt><trkpt lat="48.52504" lon="9.02624"><ele>351.31</ele><time>2026-01-21T10:15:26.309473038Z</time></trkpt><trkpt lat="48.52507" lon="9.02616"><ele>351.35</ele><time>2026-01-21T10:15:27.441812038Z</time></trkpt><trkpt lat="48.5251" lon="9.02611"><ele>351.4</ele><time>2026-01-21T10:15:28.582592010Z</time></trkpt><trkpt lat="48.52512" lon="9.02607"><ele>351.45</ele><time>2026-01-21T10:15:29.572736025Z</time></trkpt><trkpt lat="48.52515" lon="9.02602"><ele>351.52</ele><time>2026-01-21T10:15:30.591335058Z</time></trkpt><trkpt lat="48.52519" lon="9.02595"><ele>351.59</ele><time>2026-01-21T10:15:31.336663008Z</time></trkpt><trkpt lat="48.52523" lon="9.02589"><ele>351.68</ele><time>2026-01-21T10:15:32.308815956Z</time></trkpt><trkpt lat="48.52527" lon="9.02584"><ele>351.76</ele><time>2026-01-21T10:15:33.323784947Z</time></trkpt><trkpt lat="48.52529" lon="9.02578"><ele>351.84</ele><time>2026-01-21T10:15:34.517289996Z</time></trkpt><trkpt lat="48.52536" lon="9.02571"><ele>351.92</ele><time>2026-01-21T10:15:35.571478963Z</time></trkpt><trkpt lat="48.52541" lon="9.02564"><ele>352.02</ele><time>2026-01-21T10:15:36.445006013Z</time></trkpt><trkpt lat="48.52546" lon="9.02558"><ele>352.12</ele><time>2026-01-21T10:15:37.462111950Z</time></trkpt><trkpt lat="48.52549" lon="9.02553"><ele>352.23</ele><time>2026-01-21T10:15:38.481992006Z</time></trkpt><trkpt lat="48.52553" lon="9.02547"><ele>352.32</ele><time>2026-01-21T10:15:39.472154975Z</time></trkpt><trkpt lat="48.52558" lon="9.02542"><ele>352.4</ele><time>2026-01-21T10:15:40.491093993Z</time></trkpt><trkpt lat="48.52562" lon="9.02536"><ele>352.47</ele><time>2026-01-21T10:15:41.333732963Z</time></trkpt><trkpt lat="48.52567" lon="9.0253"><ele>352.42</ele><time>2026-01-21T10:15:42.472082019Z</time></trkpt><trkpt lat="48.52571" lon="9.02525"><ele>352.42</ele><time>2026-01-21T10:15:43.313887Z</time></trkpt><trkpt lat="48.52576" lon="9.0252"><ele>352.42</ele><time>2026-01-21T10:15:44.451593995Z</time></trkpt><trkpt lat="48.52581" lon="9.02514"><ele>352.46</ele><time>2026-01-21T10:15:45.471897006Z</time></trkpt><trkpt lat="48.52586" lon="9.02509"><ele>352.53</ele><time>2026-01-21T10:15:46.491932988Z</time></trkpt><trkpt lat="48.52591" lon="9.02503"><ele>352.65</ele><time>2026-01-21T10:15:47.309453964Z</time></trkpt><trkpt lat="48.52596" lon="9.02499"><ele>352.77</ele><time>2026-01-21T10:15:48.327193975Z</time></trkpt><trkpt lat="48.52601" lon="9.02493"><ele>352.89</ele><time>2026-01-21T10:15:49.461637020Z</time></trkpt><trkpt lat="48.52606" lon="9.02489"><ele>353.01</ele><time>2026-01-21T10:15:50.393515944Z</time></trkpt><trkpt lat="48.52611" lon="9.02484"><ele>353.13</ele><time>2026-01-21T10:15:51.471627951Z</time></trkpt><trkpt lat="48.52616" lon="9.02479"><ele>353.25</ele><time>2026-01-21T10:15:52.313514948Z</time></trkpt><trkpt lat="48.52621" lon="9.02474"><ele>353.35</ele><time>2026-01-21T10:15:53.482339978Z</time></trkpt><trkpt lat="48.52626" lon="9.02469"><ele>353.48</ele><time>2026-01-21T10:15:54.470986009Z</time></trkpt><trkpt lat="48.52632" lon="9.02463"><ele>353.6</ele><time>2026-01-21T10:15:55.461415052Z</time></trkpt><trkpt lat="48.52636" lon="9.02458"><ele>353.71</ele><time>2026-01-21T10:15:56.309000015Z</time></trkpt><trkpt lat="48.5264" lon="9.02453"><ele>353.83</ele><time>2026-01-21T10:15:57.472012043Z</time></trkpt><trkpt lat="48.52644" lon="9.02447"><ele>353.93</ele><time>2026-01-21T10:15:58.491793990Z</time></trkpt><trkpt lat="48.52651" lon="9.02437"><ele>354.08</ele><time>2026-01-21T10:16:00.591724992Z</time></trkpt><trkpt lat="48.52653" lon="9.02435"><ele>354.08</ele><time>2026-01-21T10:16:01.433570027Z</time></trkpt><trkpt lat="48.52654" lon="9.02434"><ele>354.13</ele><time>2026-01-21T10:16:02.571650982Z</time></trkpt><trkpt lat="48.52657" lon="9.02436"><ele>354.1</ele><time>2026-01-21T10:16:04.343240023Z</time></trkpt><trkpt lat="48.52661" lon="9.0244"><ele>353.95</ele><time>2026-01-21T10:16:08.423359036Z</time></trkpt><trkpt lat="48.52662" lon="9.02441"><ele>353.5</ele><time>2026-01-21T10:16:09.353696942Z</time></trkpt><trkpt lat="48.52663" lon="9.02441"><ele>353.38</ele><time>2026-01-21T10:16:10.403313994Z</time></trkpt><trkpt lat="48.52662" lon="9.02441"><ele>353.28</ele><time>2026-01-21T10:16:11.333333015Z</time></trkpt><trkpt lat="48.52663" lon="9.02441"><ele>353.2</ele><time>2026-01-21T10:16:12.470770955Z</time></trkpt><trkpt lat="48.52666" lon="9.02439"><ele>353.14</ele><time>2026-01-21T10:16:13.343212008Z</time></trkpt><trkpt lat="48.52669" lon="9.02436"><ele>353.12</ele><time>2026-01-21T10:16:14.451060057Z</time></trkpt><trkpt lat="48.52673" lon="9.02432"><ele>353.16</ele><time>2026-01-21T10:16:15.393762946Z</time></trkpt><trkpt lat="48.52676" lon="9.02429"><ele>353.26</ele><time>2026-01-21T10:16:16.480198026Z</time></trkpt><trkpt lat="48.52679" lon="9.02425"><ele>353.41</ele><time>2026-01-21T10:16:17.391523004Z</time></trkpt><trkpt lat="48.52682" lon="9.02421"><ele>353.61</ele><time>2026-01-21T10:16:18.441413999Z</time></trkpt><trkpt lat="48.52687" lon="9.02416"><ele>353.79</ele><time>2026-01-21T10:16:19.403126955Z</time></trkpt><trkpt lat="48.52691" lon="9.02413"><ele>354.0</ele><time>2026-01-21T10:16:20.451385975Z</time></trkpt><trkpt lat="48.52695" lon="9.02409"><ele>354.21</ele><time>2026-01-21T10:16:21.441388011Z</time></trkpt><trkpt lat="48.527" lon="9.02404"><ele>354.44</ele><time>2026-01-21T10:16:22.461189032Z</time></trkpt><trkpt lat="48.52704" lon="9.02401"><ele>354.68</ele><time>2026-01-21T10:16:23.451508999Z</time></trkpt><trkpt lat="48.52709" lon="9.02397"><ele>354.93</ele><time>2026-01-21T10:16:24.471344948Z</time></trkpt><trkpt lat="48.52714" lon="9.02393"><ele>355.19</ele><time>2026-01-21T10:16:25.446051955Z</time></trkpt><trkpt lat="48.52719" lon="9.0239"><ele>355.44</ele><time>2026-01-21T10:16:26.454185009Z</time></trkpt><trkpt lat="48.52724" lon="9.02388"><ele>355.69</ele><time>2026-01-21T10:16:27.440397978Z</time></trkpt><trkpt lat="48.52729" lon="9.02384"><ele>355.93</ele><time>2026-01-21T10:16:28.431133032Z</time></trkpt><trkpt lat="48.52734" lon="9.02382"><ele>356.16</ele><time>2026-01-21T10:16:29.451089025Z</time></trkpt><trkpt lat="48.52739" lon="9.0238"><ele>356.37</ele><time>2026-01-21T10:16:30.440914989Z</time></trkpt><trkpt lat="48.52744" lon="9.02377"><ele>356.6</ele><time>2026-01-21T10:16:31.461112022Z</time></trkpt><trkpt lat="48.52749" lon="9.02376"><ele>356.86</ele><time>2026-01-21T10:16:32.481230021Z</time></trkpt><trkpt lat="48.52755" lon="9.02374"><ele>357.12</ele><time>2026-01-21T10:16:33.360038996Z</time></trkpt><trkpt lat="48.52759" lon="9.02372"><ele>357.36</ele><time>2026-01-21T10:16:34.491062045Z</time></trkpt><trkpt lat="48.52764" lon="9.02371"><ele>357.6</ele><time>2026-01-21T10:16:35.480195999Z</time></trkpt><trkpt lat="48.5277" lon="9.02369"><ele>357.8</ele><time>2026-01-21T10:16:36.443047047Z</time></trkpt><trkpt lat="48.52775" lon="9.02368"><ele>358.0</ele><time>2026-01-21T10:16:37.431251049Z</time></trkpt><trkpt lat="48.5278" lon="9.02367"><ele>358.21</ele><time>2026-01-21T10:16:38.449867010Z</time></trkpt><trkpt lat="48.52786" lon="9.02366"><ele>358.4</ele><time>2026-01-21T10:16:39.411764026Z</time></trkpt><trkpt lat="48.52791" lon="9.02364"><ele>358.58</ele><time>2026-01-21T10:16:40.431213975Z</time></trkpt><trkpt lat="48.52797" lon="9.02363"><ele>358.75</ele><time>2026-01-21T10:16:41.364452004Z</time></trkpt><trkpt lat="48.52802" lon="9.02362"><ele>358.77</ele><time>2026-01-21T10:16:42.351145029Z</time></trkpt><trkpt lat="48.52807" lon="9.02361"><ele>358.8</ele><time>2026-01-21T10:16:43.295820951Z</time></trkpt><trkpt lat="48.52812" lon="9.0236"><ele>358.87</ele><time>2026-01-21T10:16:44.330906987Z</time></trkpt><trkpt lat="48.52817" lon="9.02359"><ele>358.95</ele><time>2026-01-21T10:16:45.343438029Z</time></trkpt><trkpt lat="48.52822" lon="9.02358"><ele>359.04</ele><time>2026-01-21T10:16:46.358631015Z</time></trkpt><trkpt lat="48.52828" lon="9.02356"><ele>359.13</ele><time>2026-01-21T10:16:47.394145012Z</time></trkpt><trkpt lat="48.52833" lon="9.02355"><ele>359.25</ele><time>2026-01-21T10:16:48.446524024Z</time></trkpt><trkpt lat="48.52839" lon="9.02354"><ele>359.39</ele><time>2026-01-21T10:16:49.372843981Z</time></trkpt><trkpt lat="48.52845" lon="9.02352"><ele>359.52</ele><time>2026-01-21T10:16:50.420855045Z</time></trkpt><trkpt lat="48.5285" lon="9.02351"><ele>359.68</ele><time>2026-01-21T10:16:51.410294056Z</time></trkpt><trkpt lat="48.52855" lon="9.02349"><ele>359.89</ele><time>2026-01-21T10:16:52.403025031Z</time></trkpt><trkpt lat="48.52861" lon="9.02346"><ele>360.06</ele><time>2026-01-21T10:16:53.421409011Z</time></trkpt><trkpt lat="48.52866" lon="9.02344"><ele>360.26</ele><time>2026-01-21T10:16:54.412724972Z</time></trkpt><trkpt lat="48.52871" lon="9.02342"><ele>360.47</ele><time>2026-01-21T10:16:55.430469036Z</time></trkpt><trkpt lat="48.52876" lon="9.0234"><ele>360.67</ele><time>2026-01-21T10:16:56.309234023Z</time></trkpt><trkpt lat="48.52882" lon="9.02337"><ele>360.85</ele><time>2026-01-21T10:16:57.410930991Z</time></trkpt><trkpt lat="48.52887" lon="9.02334"><ele>361.0</ele><time>2026-01-21T10:16:58.337398052Z</time></trkpt><trkpt lat="48.52893" lon="9.02331"><ele>361.15</ele><time>2026-01-21T10:16:59.390763044Z</time></trkpt><trkpt lat="48.52898" lon="9.02328"><ele>361.27</ele><time>2026-01-21T10:17:00.412698030Z</time></trkpt><trkpt lat="48.52903" lon="9.02325"><ele>361.4</ele><time>2026-01-21T10:17:01.400861979Z</time></trkpt><trkpt lat="48.52908" lon="9.02323"><ele>361.54</ele><time>2026-01-21T10:17:02.420848012Z</time></trkpt><trkpt lat="48.52913" lon="9.0232"><ele>361.68</ele><time>2026-01-21T10:17:03.410025001Z</time></trkpt><trkpt lat="48.52917" lon="9.02318"><ele>361.85</ele><time>2026-01-21T10:17:04.400902033Z</time></trkpt><trkpt lat="48.52922" lon="9.02315"><ele>362.03</ele><time>2026-01-21T10:17:05.391446948Z</time></trkpt><trkpt lat="48.52927" lon="9.02312"><ele>362.21</ele><time>2026-01-21T10:17:06.411046982Z</time></trkpt><trkpt lat="48.52932" lon="9.0231"><ele>362.39</ele><time>2026-01-21T10:17:07.403108954Z</time></trkpt><trkpt lat="48.52938" lon="9.02306"><ele>362.58</ele><time>2026-01-21T10:17:08.422323942Z</time></trkpt><trkpt lat="48.52943" lon="9.02303"><ele>362.76</ele><time>2026-01-21T10:17:09.441385984Z</time></trkpt><trkpt lat="48.52949" lon="9.023"><ele>362.93</ele><time>2026-01-21T10:17:10.491004944Z</time></trkpt><trkpt lat="48.52954" lon="9.02297"><ele>363.07</ele><time>2026-01-21T10:17:11.481062055Z</time></trkpt><trkpt lat="48.52959" lon="9.02294"><ele>363.2</ele><time>2026-01-21T10:17:12.470891953Z</time></trkpt><trkpt lat="48.52964" lon="9.02292"><ele>363.32</ele><time>2026-01-21T10:17:13.491091967Z</time></trkpt><trkpt lat="48.5297" lon="9.02289"><ele>363.44</ele><time>2026-01-21T10:17:14.480949998Z</time></trkpt><trkpt lat="48.52977" lon="9.02286"><ele>363.54</ele><time>2026-01-21T10:17:15.500537992Z</time></trkpt><trkpt lat="48.52983" lon="9.02284"><ele>363.67</ele><time>2026-01-21T10:17:16.382130980Z</time></trkpt><trkpt lat="48.52988" lon="9.02282"><ele>363.81</ele><time>2026-01-21T10:17:17.429049015Z</time></trkpt><trkpt lat="48.52994" lon="9.0228"><ele>363.96</ele><time>2026-01-21T10:17:18.441002011Z</time></trkpt><trkpt lat="48.52999" lon="9.02278"><ele>364.14</ele><time>2026-01-21T10:17:19.491078973Z</time></trkpt><trkpt lat="48.53004" lon="9.02277"><ele>364.33</ele><time>2026-01-21T10:17:20.479961038Z</time></trkpt><trkpt lat="48.5301" lon="9.02275"><ele>364.53</ele><time>2026-01-21T10:17:21.510947943Z</time></trkpt><trkpt lat="48.53016" lon="9.02274"><ele>364.73</ele><time>2026-01-21T10:17:22.490949035Z</time></trkpt><trkpt lat="48.53023" lon="9.02273"><ele>364.94</ele><time>2026-01-21T10:17:23.390851021Z</time></trkpt><trkpt lat="48.53028" lon="9.02272"><ele>365.15</ele><time>2026-01-21T10:17:24.502707005Z</time></trkpt><trkpt lat="48.53033" lon="9.02271"><ele>365.33</ele><time>2026-01-21T10:17:25.490787029Z</time></trkpt><trkpt lat="48.53038" lon="9.0227"><ele>365.52</ele><time>2026-01-21T10:17:26.482545018Z</time></trkpt><trkpt lat="48.53044" lon="9.0227"><ele>365.71</ele><time>2026-01-21T10:17:27.470222950Z</time></trkpt><trkpt lat="48.53048" lon="9.02269"><ele>365.88</ele><time>2026-01-21T10:17:28.310184002Z</time></trkpt><trkpt lat="48.53053" lon="9.02269"><ele>366.03</ele><time>2026-01-21T10:17:29.480484009Z</time></trkpt><trkpt lat="48.53059" lon="9.02268"><ele>366.18</ele><time>2026-01-21T10:17:30.500944972Z</time></trkpt><trkpt lat="48.53065" lon="9.02268"><ele>366.33</ele><time>2026-01-21T10:17:31.490959048Z</time></trkpt><trkpt lat="48.5307" lon="9.02267"><ele>366.47</ele><time>2026-01-21T10:17:32.420768976Z</time></trkpt><trkpt lat="48.53077" lon="9.02265"><ele>366.59</ele><time>2026-01-21T10:17:33.347064972Z</time></trkpt><trkpt lat="48.53083" lon="9.02263"><ele>366.7</ele><time>2026-01-21T10:17:34.401595950Z</time></trkpt><trkpt lat="48.53088" lon="9.02261"><ele>366.84</ele><time>2026-01-21T10:17:35.465950012Z</time></trkpt><trkpt lat="48.53094" lon="9.02259"><ele>367.0</ele><time>2026-01-21T10:17:36.501026034Z</time></trkpt><trkpt lat="48.53099" lon="9.02256"><ele>367.19</ele><time>2026-01-21T10:17:37.343400002Z</time></trkpt><trkpt lat="48.53104" lon="9.02254"><ele>367.42</ele><time>2026-01-21T10:17:38.510318041Z</time></trkpt><trkpt lat="48.53109" lon="9.02252"><ele>367.66</ele><time>2026-01-21T10:17:39.501600981Z</time></trkpt><trkpt lat="48.53114" lon="9.0225"><ele>367.95</ele><time>2026-01-21T10:17:40.490888Z</time></trkpt><trkpt lat="48.53119" lon="9.02247"><ele>368.24</ele><time>2026-01-21T10:17:41.450672984Z</time></trkpt><trkpt lat="48.53124" lon="9.02244"><ele>368.38</ele><time>2026-01-21T10:17:42.500959992Z</time></trkpt><trkpt lat="48.53128" lon="9.02242"><ele>368.53</ele><time>2026-01-21T10:17:43.520921946Z</time></trkpt><trkpt lat="48.53134" lon="9.0224"><ele>368.7</ele><time>2026-01-21T10:17:44.480890989Z</time></trkpt><trkpt lat="48.53139" lon="9.02237"><ele>368.88</ele><time>2026-01-21T10:17:45.499853015Z</time></trkpt><trkpt lat="48.53144" lon="9.02234"><ele>369.04</ele><time>2026-01-21T10:17:46.520920038Z</time></trkpt><trkpt lat="48.5315" lon="9.02232"><ele>369.21</ele><time>2026-01-21T10:17:47.511558056Z</time></trkpt><trkpt lat="48.53154" lon="9.0223"><ele>369.4</ele><time>2026-01-21T10:17:48.501265049Z</time></trkpt><trkpt lat="48.53159" lon="9.02227"><ele>369.61</ele><time>2026-01-21T10:17:49.430768967Z</time></trkpt><trkpt lat="48.53164" lon="9.02225"><ele>369.86</ele><time>2026-01-21T10:17:50.420758009Z</time></trkpt><trkpt lat="48.53169" lon="9.02223"><ele>370.16</ele><time>2026-01-21T10:17:51.374204040Z</time></trkpt><trkpt lat="48.53173" lon="9.02221"><ele>370.49</ele><time>2026-01-21T10:17:52.409203053Z</time></trkpt><trkpt lat="48.53179" lon="9.02218"><ele>370.82</ele><time>2026-01-21T10:17:53.482668996Z</time></trkpt><trkpt lat="48.53184" lon="9.02217"><ele>371.15</ele><time>2026-01-21T10:17:54.380998969Z</time></trkpt><trkpt lat="48.53189" lon="9.02214"><ele>371.49</ele><time>2026-01-21T10:17:55.405285954Z</time></trkpt><trkpt lat="48.53193" lon="9.02212"><ele>371.83</ele><time>2026-01-21T10:17:56.390967965Z</time></trkpt><trkpt lat="48.53198" lon="9.0221"><ele>372.18</ele><time>2026-01-21T10:17:57.501350045Z</time></trkpt><trkpt lat="48.53203" lon="9.02208"><ele>372.52</ele><time>2026-01-21T10:17:58.430942059Z</time></trkpt><trkpt lat="48.53207" lon="9.02207"><ele>372.89</ele><time>2026-01-21T10:17:59.482000947Z</time></trkpt><trkpt lat="48.53212" lon="9.02205"><ele>373.23</ele><time>2026-01-21T10:18:00.441051960Z</time></trkpt><trkpt lat="48.53217" lon="9.02203"><ele>373.58</ele><time>2026-01-21T10:18:01.490926981Z</time></trkpt><trkpt lat="48.53222" lon="9.02202"><ele>373.92</ele><time>2026-01-21T10:18:02.481070995Z</time></trkpt><trkpt lat="48.53228" lon="9.022"><ele>374.19</ele><time>2026-01-21T10:18:03.501047969Z</time></trkpt><trkpt lat="48.53232" lon="9.02199"><ele>374.47</ele><time>2026-01-21T10:18:04.312664032Z</time></trkpt><trkpt lat="48.53238" lon="9.02198"><ele>374.74</ele><time>2026-01-21T10:18:05.450377941Z</time></trkpt><trkpt lat="48.53243" lon="9.02197"><ele>375.01</ele><time>2026-01-21T10:18:06.501029015Z</time></trkpt><trkpt lat="48.5325" lon="9.02196"><ele>375.24</ele><time>2026-01-21T10:18:07.313032031Z</time></trkpt><trkpt lat="48.53257" lon="9.02195"><ele>375.46</ele><time>2026-01-21T10:18:08.510905027Z</time></trkpt><trkpt lat="48.53265" lon="9.02194"><ele>375.65</ele><time>2026-01-21T10:18:09.410868049Z</time></trkpt><trkpt lat="48.5327" lon="9.02194"><ele>375.8</ele><time>2026-01-21T10:18:10.475433946Z</time></trkpt><trkpt lat="48.53275" lon="9.02193"><ele>375.92</ele><time>2026-01-21T10:18:11.480950952Z</time></trkpt><trkpt lat="48.53283" lon="9.02191"><ele>376.01</ele><time>2026-01-21T10:18:12.322700977Z</time></trkpt><trkpt lat="48.53289" lon="9.0219"><ele>376.09</ele><time>2026-01-21T10:18:13.401075006Z</time></trkpt><trkpt lat="48.53296" lon="9.02189"><ele>376.14</ele><time>2026-01-21T10:18:14.509850979Z</time></trkpt><trkpt lat="48.53301" lon="9.02188"><ele>376.16</ele><time>2026-01-21T10:18:15.500005007Z</time></trkpt><trkpt lat="48.53307" lon="9.02187"><ele>376.18</ele><time>2026-01-21T10:18:16.490980983Z</time></trkpt><trkpt lat="48.53315" lon="9.02185"><ele>376.21</ele><time>2026-01-21T10:18:17.510825038Z</time></trkpt><trkpt lat="48.5332" lon="9.02184"><ele>376.24</ele><time>2026-01-21T10:18:18.389240026Z</time></trkpt><trkpt lat="48.53326" lon="9.02182"><ele>376.27</ele><time>2026-01-21T10:18:19.520668983Z</time></trkpt><trkpt lat="48.53333" lon="9.0218"><ele>376.33</ele><time>2026-01-21T10:18:20.511131048Z</time></trkpt><trkpt lat="48.53339" lon="9.02178"><ele>376.37</ele><time>2026-01-21T10:18:21.500563025Z</time></trkpt><trkpt lat="48.53347" lon="9.02176"><ele>376.42</ele><time>2026-01-21T10:18:22.430624008Z</time></trkpt><trkpt lat="48.53353" lon="9.02174"><ele>376.48</ele><time>2026-01-21T10:18:23.302289963Z</time></trkpt><trkpt lat="48.53358" lon="9.02172"><ele>376.55</ele><time>2026-01-21T10:18:24.530985951Z</time></trkpt><trkpt lat="48.53364" lon="9.02169"><ele>376.63</ele><time>2026-01-21T10:18:25.490144968Z</time></trkpt><trkpt lat="48.53371" lon="9.02167"><ele>376.71</ele><time>2026-01-21T10:18:26.383128047Z</time></trkpt><trkpt lat="48.53377" lon="9.02164"><ele>376.8</ele><time>2026-01-21T10:18:27.379899025Z</time></trkpt><trkpt lat="48.53381" lon="9.02162"><ele>376.91</ele><time>2026-01-21T10:18:28.490705967Z</time></trkpt><trkpt lat="48.53384" lon="9.02161"><ele>377.05</ele><time>2026-01-21T10:18:29.510364056Z</time></trkpt><trkpt lat="48.53388" lon="9.02158"><ele>377.19</ele><time>2026-01-21T10:18:30.470517993Z</time></trkpt><trkpt lat="48.53394" lon="9.02156"><ele>377.33</ele><time>2026-01-21T10:18:31.460288048Z</time></trkpt><trkpt lat="48.53399" lon="9.02152"><ele>377.46</ele><time>2026-01-21T10:18:32.510586977Z</time></trkpt><trkpt lat="48.53405" lon="9.02148"><ele>377.59</ele><time>2026-01-21T10:18:33.500388980Z</time></trkpt><trkpt lat="48.5341" lon="9.02144"><ele>377.71</ele><time>2026-01-21T10:18:34.520540953Z</time></trkpt><trkpt lat="48.53414" lon="9.0214"><ele>377.84</ele><time>2026-01-21T10:18:35.510715008Z</time></trkpt><trkpt lat="48.53418" lon="9.02135"><ele>377.98</ele><time>2026-01-21T10:18:36.381968021Z</time></trkpt><trkpt lat="48.53423" lon="9.0213"><ele>378.12</ele><time>2026-01-21T10:18:37.312302947Z</time></trkpt><trkpt lat="48.53427" lon="9.02122"><ele>378.24</ele><time>2026-01-21T10:18:38.539612055Z</time></trkpt><trkpt lat="48.53432" lon="9.02118"><ele>378.36</ele><time>2026-01-21T10:18:39.499608994Z</time></trkpt><trkpt lat="48.53436" lon="9.02111"><ele>378.47</ele><time>2026-01-21T10:18:40.490486979Z</time></trkpt><trkpt lat="48.53441" lon="9.02105"><ele>378.59</ele><time>2026-01-21T10:18:41.310662031Z</time></trkpt><trkpt lat="48.53445" lon="9.02101"><ele>378.57</ele><time>2026-01-21T10:18:42.300987005Z</time></trkpt><trkpt lat="48.53449" lon="9.02096"><ele>378.58</ele><time>2026-01-21T10:18:43.520992041Z</time></trkpt><trkpt lat="48.53455" lon="9.0209"><ele>378.61</ele><time>2026-01-21T10:18:44.420752048Z</time></trkpt><trkpt lat="48.53459" lon="9.02084"><ele>378.65</ele><time>2026-01-21T10:18:45.411280990Z</time></trkpt><trkpt lat="48.53463" lon="9.02079"><ele>378.72</ele><time>2026-01-21T10:18:46.520342946Z</time></trkpt><trkpt lat="48.53467" lon="9.02074"><ele>378.8</ele><time>2026-01-21T10:18:47.540773034Z</time></trkpt><trkpt lat="48.53471" lon="9.02068"><ele>378.9</ele><time>2026-01-21T10:18:48.500295043Z</time></trkpt><trkpt lat="48.53476" lon="9.02063"><ele>379.01</ele><time>2026-01-21T10:18:49.520161986Z</time></trkpt><trkpt lat="48.53479" lon="9.02059"><ele>379.13</ele><time>2026-01-21T10:18:50.540608048Z</time></trkpt><trkpt lat="48.53485" lon="9.02052"><ele>379.25</ele><time>2026-01-21T10:18:51.501762033Z</time></trkpt><trkpt lat="48.53488" lon="9.02047"><ele>379.36</ele><time>2026-01-21T10:18:52.520362020Z</time></trkpt><trkpt lat="48.53492" lon="9.02042"><ele>379.5</ele><time>2026-01-21T10:18:53.510256052Z</time></trkpt><trkpt lat="48.53494" lon="9.0204"><ele>379.65</ele><time>2026-01-21T10:18:54.442558050Z</time></trkpt><trkpt lat="48.53501" lon="9.02031"><ele>379.77</ele><time>2026-01-21T10:18:55.550752044Z</time></trkpt><trkpt lat="48.53505" lon="9.02027"><ele>379.93</ele><time>2026-01-21T10:18:56.513352990Z</time></trkpt><trkpt lat="48.53509" lon="9.02021"><ele>380.12</ele><time>2026-01-21T10:18:57.530303955Z</time></trkpt><trkpt lat="48.53514" lon="9.02014"><ele>380.36</ele><time>2026-01-21T10:18:58.549641013Z</time></trkpt><trkpt lat="48.53518" lon="9.0201"><ele>380.63</ele><time>2026-01-21T10:18:59.510130048Z</time></trkpt><trkpt lat="48.53521" lon="9.02004"><ele>380.91</ele><time>2026-01-21T10:19:00.530202031Z</time></trkpt><trkpt lat="48.53526" lon="9.01998"><ele>381.23</ele><time>2026-01-21T10:19:01.403851986Z</time></trkpt><trkpt lat="48.53527" lon="9.01996"><ele>381.57</ele><time>2026-01-21T10:19:02.456702948Z</time></trkpt><trkpt lat="48.53534" lon="9.01988"><ele>381.89</ele><time>2026-01-21T10:19:03.439259052Z</time></trkpt><trkpt lat="48.53537" lon="9.01984"><ele>382.18</ele><time>2026-01-21T10:19:04.520187974Z</time></trkpt><trkpt lat="48.53542" lon="9.01978"><ele>382.47</ele><time>2026-01-21T10:19:05.479846954Z</time></trkpt><trkpt lat="48.53546" lon="9.01972"><ele>382.78</ele><time>2026-01-21T10:19:06.473178983Z</time></trkpt><trkpt lat="48.53551" lon="9.01967"><ele>383.09</ele><time>2026-01-21T10:19:07.490272999Z</time></trkpt><trkpt lat="48.53555" lon="9.01962"><ele>383.38</ele><time>2026-01-21T10:19:08.479997039Z</time></trkpt><trkpt lat="48.53558" lon="9.01958"><ele>383.67</ele><time>2026-01-21T10:19:09.469969988Z</time></trkpt><trkpt lat="48.53563" lon="9.01953"><ele>383.95</ele><time>2026-01-21T10:19:10.489997029Z</time></trkpt><trkpt lat="48.53568" lon="9.01948"><ele>384.23</ele><time>2026-01-21T10:19:11.479972959Z</time></trkpt><trkpt lat="48.53572" lon="9.01944"><ele>384.49</ele><time>2026-01-21T10:19:12.469691992Z</time></trkpt><trkpt lat="48.53576" lon="9.0194"><ele>384.71</ele><time>2026-01-21T10:19:13.490512967Z</time></trkpt><trkpt lat="48.53581" lon="9.01935"><ele>384.93</ele><time>2026-01-21T10:19:14.539176941Z</time></trkpt><trkpt lat="48.53583" lon="9.01934"><ele>385.14</ele><time>2026-01-21T10:19:15.529796004Z</time></trkpt><trkpt lat="48.53589" lon="9.01928"><ele>385.39</ele><time>2026-01-21T10:19:16.549998999Z</time></trkpt><trkpt lat="48.53593" lon="9.01925"><ele>385.64</ele><time>2026-01-21T10:19:17.391618967Z</time></trkpt><trkpt lat="48.53598" lon="9.01922"><ele>385.91</ele><time>2026-01-21T10:19:18.296139002Z</time></trkpt><trkpt lat="48.53603" lon="9.01918"><ele>386.17</ele><time>2026-01-21T10:19:19.331114054Z</time></trkpt><trkpt lat="48.53608" lon="9.01916"><ele>386.44</ele><time>2026-01-21T10:19:20.364094973Z</time></trkpt><trkpt lat="48.53614" lon="9.01913"><ele>386.71</ele><time>2026-01-21T10:19:21.379310966Z</time></trkpt><trkpt lat="48.53619" lon="9.0191"><ele>386.99</ele><time>2026-01-21T10:19:22.341531992Z</time></trkpt><trkpt lat="48.53623" lon="9.01908"><ele>387.26</ele><time>2026-01-21T10:19:23.423846006Z</time></trkpt><trkpt lat="48.53629" lon="9.01906"><ele>387.53</ele><time>2026-01-21T10:19:24.432844996Z</time></trkpt><trkpt lat="48.53633" lon="9.01904"><ele>387.79</ele><time>2026-01-21T10:19:25.439160943Z</time></trkpt><trkpt lat="48.53639" lon="9.01902"><ele>388.05</ele><time>2026-01-21T10:19:26.421417952Z</time></trkpt><trkpt lat="48.53643" lon="9.01901"><ele>388.32</ele><time>2026-01-21T10:19:27.351953983Z</time></trkpt><trkpt lat="48.53648" lon="9.01899"><ele>388.61</ele><time>2026-01-21T10:19:28.527179956Z</time></trkpt><trkpt lat="48.53652" lon="9.01898"><ele>388.92</ele><time>2026-01-21T10:19:29.361629009Z</time></trkpt><trkpt lat="48.53659" lon="9.01897"><ele>389.17</ele><time>2026-01-21T10:19:30.529881001Z</time></trkpt><trkpt lat="48.53664" lon="9.01895"><ele>389.43</ele><time>2026-01-21T10:19:31.341822982Z</time></trkpt><trkpt lat="48.53669" lon="9.01894"><ele>389.69</ele><time>2026-01-21T10:19:32.539352059Z</time></trkpt><trkpt lat="48.53675" lon="9.01894"><ele>389.97</ele><time>2026-01-21T10:19:33.381178975Z</time></trkpt><trkpt lat="48.5368" lon="9.01893"><ele>390.26</ele><time>2026-01-21T10:19:34.550009012Z</time></trkpt><trkpt lat="48.53685" lon="9.01892"><ele>390.55</ele><time>2026-01-21T10:19:35.421841025Z</time></trkpt><trkpt lat="48.5369" lon="9.01892"><ele>390.83</ele><time>2026-01-21T10:19:36.400526047Z</time></trkpt><trkpt lat="48.53695" lon="9.01891"><ele>391.13</ele><time>2026-01-21T10:19:37.431627035Z</time></trkpt><trkpt lat="48.53699" lon="9.01891"><ele>391.45</ele><time>2026-01-21T10:19:38.519490957Z</time></trkpt><trkpt lat="48.53704" lon="9.01891"><ele>391.78</ele><time>2026-01-21T10:19:39.468665004Z</time></trkpt><trkpt lat="48.5371" lon="9.01891"><ele>392.1</ele><time>2026-01-21T10:19:40.549121022Z</time></trkpt><trkpt lat="48.53714" lon="9.0189"><ele>392.43</ele><time>2026-01-21T10:19:41.480141044Z</time></trkpt><trkpt lat="48.5372" lon="9.0189"><ele>392.56</ele><time>2026-01-21T10:19:42.559641004Z</time></trkpt><trkpt lat="48.53725" lon="9.01889"><ele>392.73</ele><time>2026-01-21T10:19:43.489249945Z</time></trkpt><trkpt lat="48.5373" lon="9.01887"><ele>392.91</ele><time>2026-01-21T10:19:44.479526043Z</time></trkpt><trkpt lat="48.53735" lon="9.01886"><ele>393.1</ele><time>2026-01-21T10:19:45.499289989Z</time></trkpt><trkpt lat="48.5374" lon="9.01884"><ele>393.31</ele><time>2026-01-21T10:19:46.549810052Z</time></trkpt><trkpt lat="48.53745" lon="9.01882"><ele>393.54</ele><time>2026-01-21T10:19:47.539548993Z</time></trkpt><trkpt lat="48.53749" lon="9.01881"><ele>393.73</ele><time>2026-01-21T10:19:48.469058037Z</time></trkpt><trkpt lat="48.53755" lon="9.0188"><ele>393.96</ele><time>2026-01-21T10:19:49.489506006Z</time></trkpt><trkpt lat="48.5376" lon="9.0188"><ele>394.17</ele><time>2026-01-21T10:19:50.449064970Z</time></trkpt><trkpt lat="48.53765" lon="9.0188"><ele>394.39</ele><time>2026-01-21T10:19:51.559615016Z</time></trkpt><trkpt lat="48.53768" lon="9.0188"><ele>394.58</ele><time>2026-01-21T10:19:52.608639956Z</time></trkpt><trkpt lat="48.53772" lon="9.0188"><ele>394.76</ele><time>2026-01-21T10:19:53.629631996Z</time></trkpt><trkpt lat="48.53775" lon="9.0188"><ele>394.91</ele><time>2026-01-21T10:19:54.426959991Z</time></trkpt><trkpt lat="48.53778" lon="9.0188"><ele>395.0</ele><time>2026-01-21T10:19:55.341110945Z</time></trkpt><trkpt lat="48.53781" lon="9.01879"><ele>395.06</ele><time>2026-01-21T10:19:56.509336948Z</time></trkpt><trkpt lat="48.53783" lon="9.01877"><ele>395.12</ele><time>2026-01-21T10:19:57.610558987Z</time></trkpt><trkpt lat="48.53786" lon="9.01874"><ele>395.16</ele><time>2026-01-21T10:19:58.609539986Z</time></trkpt><trkpt lat="48.53788" lon="9.01872"><ele>395.21</ele><time>2026-01-21T10:19:59.420887947Z</time></trkpt><trkpt lat="48.5379" lon="9.0187"><ele>395.28</ele><time>2026-01-21T10:20:00.438987017Z</time></trkpt><trkpt lat="48.53793" lon="9.01867"><ele>395.37</ele><time>2026-01-21T10:20:01.341423988Z</time></trkpt><trkpt lat="48.53796" lon="9.01865"><ele>395.45</ele><time>2026-01-21T10:20:02.539222956Z</time></trkpt><trkpt lat="48.53798" lon="9.01863"><ele>395.52</ele><time>2026-01-21T10:20:03.320744038Z</time></trkpt><trkpt lat="48.538" lon="9.01861"><ele>395.61</ele><time>2026-01-21T10:20:04.369200945Z</time></trkpt><trkpt lat="48.53804" lon="9.01858"><ele>395.68</ele><time>2026-01-21T10:20:05.569322944Z</time></trkpt><trkpt lat="48.53806" lon="9.01855"><ele>395.77</ele><time>2026-01-21T10:20:06.559162974Z</time></trkpt><trkpt lat="48.53811" lon="9.01851"><ele>395.88</ele><time>2026-01-21T10:20:07.519163013Z</time></trkpt><trkpt lat="48.53814" lon="9.01846"><ele>396.05</ele><time>2026-01-21T10:20:08.538776994Z</time></trkpt><trkpt lat="48.53817" lon="9.01843"><ele>396.25</ele><time>2026-01-21T10:20:09.559137940Z</time></trkpt><trkpt lat="48.53821" lon="9.01839"><ele>396.51</ele><time>2026-01-21T10:20:10.459300995Z</time></trkpt><trkpt lat="48.53824" lon="9.01836"><ele>396.81</ele><time>2026-01-21T10:20:11.301790953Z</time></trkpt><trkpt lat="48.53827" lon="9.01832"><ele>397.15</ele><time>2026-01-21T10:20:12.463536978Z</time></trkpt><trkpt lat="48.53832" lon="9.01828"><ele>397.54</ele><time>2026-01-21T10:20:13.429005027Z</time></trkpt><trkpt lat="48.53836" lon="9.01825"><ele>397.94</ele><time>2026-01-21T10:20:14.569036961Z</time></trkpt><trkpt lat="48.5384" lon="9.01822"><ele>398.31</ele><time>2026-01-21T10:20:15.559043050Z</time></trkpt><trkpt lat="48.53844" lon="9.01818"><ele>398.68</ele><time>2026-01-21T10:20:16.518800974Z</time></trkpt><trkpt lat="48.53848" lon="9.01815"><ele>399.07</ele><time>2026-01-21T10:20:17.568642974Z</time></trkpt><trkpt lat="48.53852" lon="9.01812"><ele>399.44</ele><time>2026-01-21T10:20:18.317762971Z</time></trkpt><trkpt lat="48.53856" lon="9.01808"><ele>399.81</ele><time>2026-01-21T10:20:19.578511953Z</time></trkpt><trkpt lat="48.53861" lon="9.01805"><ele>400.17</ele><time>2026-01-21T10:20:20.568639994Z</time></trkpt><trkpt lat="48.53865" lon="9.01801"><ele>400.54</ele><time>2026-01-21T10:20:21.438122034Z</time></trkpt><trkpt lat="48.5387" lon="9.01798"><ele>400.88</ele><time>2026-01-21T10:20:22.445283055Z</time></trkpt><trkpt lat="48.53875" lon="9.01795"><ele>401.16</ele><time>2026-01-21T10:20:23.311239958Z</time></trkpt><trkpt lat="48.53878" lon="9.01793"><ele>401.46</ele><time>2026-01-21T10:20:24.589439034Z</time></trkpt><trkpt lat="48.53883" lon="9.01789"><ele>401.78</ele><time>2026-01-21T10:20:25.549339056Z</time></trkpt><trkpt lat="48.53888" lon="9.01786"><ele>402.12</ele><time>2026-01-21T10:20:26.310346007Z</time></trkpt><trkpt lat="48.53893" lon="9.01783"><ele>402.48</ele><time>2026-01-21T10:20:27.310852051Z</time></trkpt><trkpt lat="48.53897" lon="9.01781"><ele>402.87</ele><time>2026-01-21T10:20:28.311882973Z</time></trkpt><trkpt lat="48.53902" lon="9.01778"><ele>403.26</ele><time>2026-01-21T10:20:29.425539970Z</time></trkpt><trkpt lat="48.53907" lon="9.01776"><ele>403.67</ele><time>2026-01-21T10:20:30.469205022Z</time></trkpt><trkpt lat="48.53912" lon="9.01774"><ele>404.1</ele><time>2026-01-21T10:20:31.310451031Z</time></trkpt><trkpt lat="48.53917" lon="9.01772"><ele>404.53</ele><time>2026-01-21T10:20:32.569206953Z</time></trkpt><trkpt lat="48.53922" lon="9.0177"><ele>404.95</ele><time>2026-01-21T10:20:33.319723010Z</time></trkpt><trkpt lat="48.53926" lon="9.01769"><ele>405.36</ele><time>2026-01-21T10:20:34.310793042Z</time></trkpt><trkpt lat="48.53931" lon="9.01767"><ele>405.74</ele><time>2026-01-21T10:20:35.390668035Z</time></trkpt><trkpt lat="48.53936" lon="9.01766"><ele>406.12</ele><time>2026-01-21T10:20:36.588736057Z</time></trkpt><trkpt lat="48.53941" lon="9.01765"><ele>406.48</ele><time>2026-01-21T10:20:37.314764023Z</time></trkpt><trkpt lat="48.53946" lon="9.01763"><ele>406.82</ele><time>2026-01-21T10:20:38.310304046Z</time></trkpt><trkpt lat="48.53951" lon="9.01762"><ele>407.15</ele><time>2026-01-21T10:20:39.468428016Z</time></trkpt><trkpt lat="48.53956" lon="9.01761"><ele>407.42</ele><time>2026-01-21T10:20:40.549065948Z</time></trkpt><trkpt lat="48.53961" lon="9.0176"><ele>407.71</ele><time>2026-01-21T10:20:41.568717957Z</time></trkpt><trkpt lat="48.53966" lon="9.01759"><ele>407.83</ele><time>2026-01-21T10:20:42.320588946Z</time></trkpt><trkpt lat="48.53971" lon="9.01758"><ele>407.99</ele><time>2026-01-21T10:20:43.315140009Z</time></trkpt><trkpt lat="48.53976" lon="9.01757"><ele>408.19</ele><time>2026-01-21T10:20:44.329000950Z</time></trkpt><trkpt lat="48.53981" lon="9.01756"><ele>408.42</ele><time>2026-01-21T10:20:45.296555996Z</time></trkpt><trkpt lat="48.53986" lon="9.01755"><ele>408.67</ele><time>2026-01-21T10:20:46.297965050Z</time></trkpt><trkpt lat="48.53991" lon="9.01753"><ele>408.93</ele><time>2026-01-21T10:20:47.299651980Z</time></trkpt><trkpt lat="48.53997" lon="9.01752"><ele>409.23</ele><time>2026-01-21T10:20:48.306777954Z</time></trkpt><trkpt lat="48.54001" lon="9.01752"><ele>409.53</ele><time>2026-01-21T10:20:49.316321969Z</time></trkpt><trkpt lat="48.54006" lon="9.0175"><ele>409.86</ele><time>2026-01-21T10:20:50.318007946Z</time></trkpt><trkpt lat="48.54011" lon="9.01749"><ele>410.22</ele><time>2026-01-21T10:20:51.318467021Z</time></trkpt><trkpt lat="48.54015" lon="9.01748"><ele>410.61</ele><time>2026-01-21T10:20:52.326154947Z</time></trkpt><trkpt lat="48.5402" lon="9.01746"><ele>411.02</ele><time>2026-01-21T10:20:53.330582976Z</time></trkpt><trkpt lat="48.54026" lon="9.01744"><ele>411.42</ele><time>2026-01-21T10:20:54.331405044Z</time></trkpt><trkpt lat="48.54029" lon="9.01742"><ele>411.8</ele><time>2026-01-21T10:20:55.333135962Z</time></trkpt><trkpt lat="48.54034" lon="9.01739"><ele>412.2</ele><time>2026-01-21T10:20:56.337123036Z</time></trkpt><trkpt lat="48.54039" lon="9.01736"><ele>412.57</ele><time>2026-01-21T10:20:57.339190960Z</time></trkpt><trkpt lat="48.54042" lon="9.01734"><ele>412.88</ele><time>2026-01-21T10:20:58.345262051Z</time></trkpt><trkpt lat="48.54047" lon="9.01731"><ele>413.18</ele><time>2026-01-21T10:20:59.346887946Z</time></trkpt><trkpt lat="48.54051" lon="9.01728"><ele>413.48</ele><time>2026-01-21T10:21:00.372396946Z</time></trkpt><trkpt lat="48.54055" lon="9.01724"><ele>413.8</ele><time>2026-01-21T10:21:01.417229056Z</time></trkpt><trkpt lat="48.54058" lon="9.01719"><ele>414.11</ele><time>2026-01-21T10:21:02.431493998Z</time></trkpt><trkpt lat="48.54062" lon="9.01715"><ele>414.4</ele><time>2026-01-21T10:21:03.369742990Z</time></trkpt><trkpt lat="48.54065" lon="9.01709"><ele>414.68</ele><time>2026-01-21T10:21:04.368376970Z</time></trkpt><trkpt lat="48.54067" lon="9.01704"><ele>414.97</ele><time>2026-01-21T10:21:05.498757958Z</time></trkpt><trkpt lat="48.5407" lon="9.01698"><ele>415.28</ele><time>2026-01-21T10:21:06.378278017Z</time></trkpt><trkpt lat="48.54072" lon="9.01691"><ele>415.6</ele><time>2026-01-21T10:21:07.368615985Z</time></trkpt><trkpt lat="48.54074" lon="9.01685"><ele>415.91</ele><time>2026-01-21T10:21:08.389381051Z</time></trkpt><trkpt lat="48.54076" lon="9.01678"><ele>416.27</ele><time>2026-01-21T10:21:09.498432040Z</time></trkpt><trkpt lat="48.54077" lon="9.01671"><ele>416.62</ele><time>2026-01-21T10:21:10.400171041Z</time></trkpt><trkpt lat="48.54078" lon="9.01664"><ele>416.96</ele><time>2026-01-21T10:21:11.481469035Z</time></trkpt><trkpt lat="48.54079" lon="9.01658"><ele>417.31</ele><time>2026-01-21T10:21:12.438889027Z</time></trkpt><trkpt lat="48.5408" lon="9.0165"><ele>417.65</ele><time>2026-01-21T10:21:13.487673998Z</time></trkpt><trkpt lat="48.54081" lon="9.01644"><ele>418.04</ele><time>2026-01-21T10:21:14.447239995Z</time></trkpt><trkpt lat="48.54081" lon="9.01636"><ele>418.35</ele><time>2026-01-21T10:21:15.527106047Z</time></trkpt><trkpt lat="48.54081" lon="9.01628"><ele>418.66</ele><time>2026-01-21T10:21:16.400025010Z</time></trkpt><trkpt lat="48.5408" lon="9.01619"><ele>418.99</ele><time>2026-01-21T10:21:17.508298993Z</time></trkpt><trkpt lat="48.54079" lon="9.01612"><ele>419.33</ele><time>2026-01-21T10:21:18.498221993Z</time></trkpt><trkpt lat="48.54078" lon="9.01604"><ele>419.68</ele><time>2026-01-21T10:21:19.608399987Z</time></trkpt><trkpt lat="48.54077" lon="9.01597"><ele>420.05</ele><time>2026-01-21T10:21:20.508543015Z</time></trkpt><trkpt lat="48.54076" lon="9.0159"><ele>420.45</ele><time>2026-01-21T10:21:21.406224012Z</time></trkpt><trkpt lat="48.54074" lon="9.01583"><ele>420.86</ele><time>2026-01-21T10:21:22.470837951Z</time></trkpt><trkpt lat="48.54073" lon="9.01575"><ele>421.28</ele><time>2026-01-21T10:21:23.525254011Z</time></trkpt><trkpt lat="48.54071" lon="9.01567"><ele>421.68</ele><time>2026-01-21T10:21:24.558460951Z</time></trkpt><trkpt lat="48.5407" lon="9.0156"><ele>422.07</ele><time>2026-01-21T10:21:25.427647948Z</time></trkpt><trkpt lat="48.54068" lon="9.01553"><ele>422.42</ele><time>2026-01-21T10:21:26.598361015Z</time></trkpt><trkpt lat="48.54066" lon="9.01546"><ele>422.75</ele><time>2026-01-21T10:21:27.588662028Z</time></trkpt><trkpt lat="48.54065" lon="9.01539"><ele>423.07</ele><time>2026-01-21T10:21:28.578358054Z</time></trkpt><trkpt lat="48.54063" lon="9.01532"><ele>423.38</ele><time>2026-01-21T10:21:29.537778974Z</time></trkpt><trkpt lat="48.54062" lon="9.01524"><ele>423.69</ele><time>2026-01-21T10:21:30.587645054Z</time></trkpt><trkpt lat="48.5406" lon="9.01517"><ele>424.02</ele><time>2026-01-21T10:21:31.578194022Z</time></trkpt><trkpt lat="48.54058" lon="9.0151"><ele>424.34</ele><time>2026-01-21T10:21:32.598296046Z</time></trkpt><trkpt lat="48.54056" lon="9.01502"><ele>424.61</ele><time>2026-01-21T10:21:33.588147998Z</time></trkpt><trkpt lat="48.54054" lon="9.01495"><ele>424.89</ele><time>2026-01-21T10:21:34.456920028Z</time></trkpt><trkpt lat="48.54053" lon="9.01489"><ele>425.2</ele><time>2026-01-21T10:21:35.598346949Z</time></trkpt><trkpt lat="48.54051" lon="9.01481"><ele>425.51</ele><time>2026-01-21T10:21:36.588613987Z</time></trkpt><trkpt lat="48.54049" lon="9.01475"><ele>425.84</ele><time>2026-01-21T10:21:37.578914046Z</time></trkpt><trkpt lat="48.54047" lon="9.01468"><ele>426.17</ele><time>2026-01-21T10:21:38.378093958Z</time></trkpt><trkpt lat="48.54045" lon="9.01461"><ele>426.54</ele><time>2026-01-21T10:21:39.379403949Z</time></trkpt><trkpt lat="48.54044" lon="9.01453"><ele>426.88</ele><time>2026-01-21T10:21:40.517714977Z</time></trkpt><trkpt lat="48.54042" lon="9.01447"><ele>427.23</ele><time>2026-01-21T10:21:41.537565947Z</time></trkpt><trkpt lat="48.5404" lon="9.01439"><ele>427.41</ele><time>2026-01-21T10:21:42.556880951Z</time></trkpt><trkpt lat="48.54038" lon="9.01432"><ele>427.62</ele><time>2026-01-21T10:21:43.457965016Z</time></trkpt><trkpt lat="48.54036" lon="9.01425"><ele>427.86</ele><time>2026-01-21T10:21:44.597794056Z</time></trkpt><trkpt lat="48.54034" lon="9.01418"><ele>428.13</ele><time>2026-01-21T10:21:45.587628007Z</time></trkpt><trkpt lat="48.54033" lon="9.01411"><ele>428.42</ele><time>2026-01-21T10:21:46.607738972Z</time></trkpt><trkpt lat="48.54031" lon="9.01404"><ele>428.73</ele><time>2026-01-21T10:21:47.567471027Z</time></trkpt><trkpt lat="48.54029" lon="9.01397"><ele>429.07</ele><time>2026-01-21T10:21:48.407883048Z</time></trkpt><trkpt lat="48.54027" lon="9.0139"><ele>429.41</ele><time>2026-01-21T10:21:49.609240055Z</time></trkpt><trkpt lat="48.54025" lon="9.01383"><ele>429.7</ele><time>2026-01-21T10:21:50.596699953Z</time></trkpt><trkpt lat="48.54023" lon="9.01376"><ele>430.03</ele><time>2026-01-21T10:21:51.587355018Z</time></trkpt><trkpt lat="48.54022" lon="9.01369"><ele>430.39</ele><time>2026-01-21T10:21:52.518061996Z</time></trkpt><trkpt lat="48.5402" lon="9.01362"><ele>430.77</ele><time>2026-01-21T10:21:53.538468957Z</time></trkpt><trkpt lat="48.54018" lon="9.01355"><ele>431.14</ele><time>2026-01-21T10:21:54.527840018Z</time></trkpt><trkpt lat="48.54016" lon="9.01348"><ele>431.52</ele><time>2026-01-21T10:21:55.517868042Z</time></trkpt><trkpt lat="48.54015" lon="9.01341"><ele>431.89</ele><time>2026-01-21T10:21:56.414271951Z</time></trkpt><trkpt lat="48.54013" lon="9.01334"><ele>432.23</ele><time>2026-01-21T10:21:57.407506943Z</time></trkpt><trkpt lat="48.54011" lon="9.01327"><ele>432.58</ele><time>2026-01-21T10:21:58.517644048Z</time></trkpt><trkpt lat="48.54009" lon="9.01321"><ele>432.93</ele><time>2026-01-21T10:21:59.538164973Z</time></trkpt><trkpt lat="48.54008" lon="9.01314"><ele>433.27</ele><time>2026-01-21T10:22:00.379042029Z</time></trkpt><trkpt lat="48.54007" lon="9.01308"><ele>433.59</ele><time>2026-01-21T10:22:01.517356038Z</time></trkpt><trkpt lat="48.54007" lon="9.01306"><ele>433.89</ele><time>2026-01-21T10:22:02.537117004Z</time></trkpt><trkpt lat="48.54008" lon="9.01302"><ele>434.18</ele><time>2026-01-21T10:22:03.498227Z</time></trkpt><trkpt lat="48.5401" lon="9.01301"><ele>434.47</ele><time>2026-01-21T10:22:04.487928987Z</time></trkpt><trkpt lat="48.54012" lon="9.01299"><ele>434.75</ele><time>2026-01-21T10:22:05.657933950Z</time></trkpt><trkpt lat="48.54015" lon="9.01299"><ele>435.06</ele><time>2026-01-21T10:22:06.500910997Z</time></trkpt><trkpt lat="48.54017" lon="9.01299"><ele>435.38</ele><time>2026-01-21T10:22:07.697877049Z</time></trkpt><trkpt lat="48.5402" lon="9.01298"><ele>435.64</ele><time>2026-01-21T10:22:08.567386985Z</time></trkpt><trkpt lat="48.54024" lon="9.01298"><ele>435.92</ele><time>2026-01-21T10:22:09.407214046Z</time></trkpt><trkpt lat="48.54023" lon="9.013"><ele>436.17</ele><time>2026-01-21T10:22:10.697337985Z</time></trkpt><trkpt lat="48.54031" lon="9.01302"><ele>436.44</ele><time>2026-01-21T10:22:11.567636013Z</time></trkpt><trkpt lat="48.54037" lon="9.01303"><ele>436.74</ele><time>2026-01-21T10:22:12.677940965Z</time></trkpt><trkpt lat="48.54041" lon="9.01305"><ele>437.05</ele><time>2026-01-21T10:22:13.393072009Z</time></trkpt><trkpt lat="48.54045" lon="9.01307"><ele>437.38</ele><time>2026-01-21T10:22:14.440564036Z</time></trkpt><trkpt lat="48.54049" lon="9.01308"><ele>437.72</ele><time>2026-01-21T10:22:15.504968047Z</time></trkpt><trkpt lat="48.54051" lon="9.0131"><ele>438.05</ele><time>2026-01-21T10:22:16.459458947Z</time></trkpt><trkpt lat="48.54055" lon="9.01311"><ele>438.37</ele><time>2026-01-21T10:22:17.447993994Z</time></trkpt><trkpt lat="48.54059" lon="9.01312"><ele>438.67</ele><time>2026-01-21T10:22:18.409270048Z</time></trkpt><trkpt lat="48.54063" lon="9.01313"><ele>438.95</ele><time>2026-01-21T10:22:19.457540035Z</time></trkpt><trkpt lat="48.54065" lon="9.01314"><ele>439.21</ele><time>2026-01-21T10:22:20.479251981Z</time></trkpt><trkpt lat="48.54066" lon="9.01315"><ele>439.47</ele><time>2026-01-21T10:22:21.437631011Z</time></trkpt><trkpt lat="48.5407" lon="9.01316"><ele>439.77</ele><time>2026-01-21T10:22:22.458006978Z</time></trkpt><trkpt lat="48.54075" lon="9.0132"><ele>440.06</ele><time>2026-01-21T10:22:24.467497945Z</time></trkpt><trkpt lat="48.54083" lon="9.01324"><ele>440.59</ele><time>2026-01-21T10:22:25.475391984Z</time></trkpt><trkpt lat="48.54087" lon="9.01327"><ele>440.85</ele><time>2026-01-21T10:22:26.478170037Z</time></trkpt><trkpt lat="48.54092" lon="9.0133"><ele>441.1</ele><time>2026-01-21T10:22:27.467326045Z</time></trkpt><trkpt lat="48.54097" lon="9.0133"><ele>441.31</ele><time>2026-01-21T10:22:28.578109026Z</time></trkpt><trkpt lat="48.54101" lon="9.01329"><ele>441.49</ele><time>2026-01-21T10:22:29.477615952Z</time></trkpt><trkpt lat="48.54104" lon="9.01326"><ele>441.64</ele><time>2026-01-21T10:22:30.588063955Z</time></trkpt><trkpt lat="48.54106" lon="9.01322"><ele>441.77</ele><time>2026-01-21T10:22:31.412163019Z</time></trkpt><trkpt lat="48.54108" lon="9.01318"><ele>441.91</ele><time>2026-01-21T10:22:32.476686001Z</time></trkpt><trkpt lat="48.54108" lon="9.01312"><ele>442.07</ele><time>2026-01-21T10:22:33.527379990Z</time></trkpt><trkpt lat="48.5411" lon="9.01307"><ele>442.24</ele><time>2026-01-21T10:22:34.312018037Z</time></trkpt><trkpt lat="48.5411" lon="9.01304"><ele>442.4</ele><time>2026-01-21T10:22:35.597239971Z</time></trkpt><trkpt lat="48.54111" lon="9.01295"><ele>442.58</ele><time>2026-01-21T10:22:36.557412028Z</time></trkpt><trkpt lat="48.54111" lon="9.01289"><ele>442.74</ele><time>2026-01-21T10:22:37.576653004Z</time></trkpt><trkpt lat="48.54111" lon="9.01282"><ele>442.87</ele><time>2026-01-21T10:22:38.629367948Z</time></trkpt><trkpt lat="48.54113" lon="9.01277"><ele>442.96</ele><time>2026-01-21T10:22:39.677330971Z</time></trkpt><trkpt lat="48.54114" lon="9.01272"><ele>443.03</ele><time>2026-01-21T10:22:40.489573956Z</time></trkpt><trkpt lat="48.54115" lon="9.01268"><ele>443.05</ele><time>2026-01-21T10:22:41.747300982Z</time></trkpt><trkpt lat="48.54117" lon="9.01266"><ele>442.94</ele><time>2026-01-21T10:22:42.349156976Z</time></trkpt><trkpt lat="48.54122" lon="9.01261"><ele>442.85</ele><time>2026-01-21T10:27:08.915544033Z</time></trkpt><trkpt lat="48.54119" lon="9.01265"><ele>442.02</ele><time>2026-01-21T10:27:10.754266977Z</time></trkpt><trkpt lat="48.54116" lon="9.01268"><ele>441.86</ele><time>2026-01-21T10:27:14.398669004Z</time></trkpt><trkpt lat="48.54116" lon="9.01266"><ele>441.84</ele><time>2026-01-21T10:27:15.433094025Z</time></trkpt><trkpt lat="48.54115" lon="9.01267"><ele>441.81</ele><time>2026-01-21T10:27:17.447119951Z</time></trkpt><trkpt lat="48.54115" lon="9.01268"><ele>441.79</ele><time>2026-01-21T10:27:18.434836030Z</time></trkpt><trkpt lat="48.54114" lon="9.01272"><ele>441.77</ele><time>2026-01-21T10:27:19.314847946Z</time></trkpt><trkpt lat="48.54113" lon="9.01276"><ele>441.74</ele><time>2026-01-21T10:27:20.444502950Z</time></trkpt><trkpt lat="48.54113" lon="9.01282"><ele>441.73</ele><time>2026-01-21T10:27:21.316918969Z</time></trkpt><trkpt lat="48.54113" lon="9.01287"><ele>441.71</ele><time>2026-01-21T10:27:22.724676013Z</time></trkpt><trkpt lat="48.54112" lon="9.01292"><ele>441.7</ele><time>2026-01-21T10:27:23.743798971Z</time></trkpt><trkpt lat="48.54112" lon="9.01297"><ele>441.7</ele><time>2026-01-21T10:27:24.734747052Z</time></trkpt><trkpt lat="48.54111" lon="9.01303"><ele>441.7</ele><time>2026-01-21T10:27:25.754665017Z</time></trkpt><trkpt lat="48.54111" lon="9.01309"><ele>441.7</ele><time>2026-01-21T10:27:26.684962988Z</time></trkpt><trkpt lat="48.5411" lon="9.01314"><ele>441.7</ele><time>2026-01-21T10:27:27.734614015Z</time></trkpt><trkpt lat="48.5411" lon="9.0132"><ele>441.7</ele><time>2026-01-21T10:27:28.357918024Z</time></trkpt><trkpt lat="48.54109" lon="9.01325"><ele>441.68</ele><time>2026-01-21T10:27:29.422307014Z</time></trkpt><trkpt lat="48.54107" lon="9.01328"><ele>441.65</ele><time>2026-01-21T10:27:30.464570045Z</time></trkpt><trkpt lat="48.54104" lon="9.0133"><ele>441.6</ele><time>2026-01-21T10:27:31.342316985Z</time></trkpt><trkpt lat="48.541" lon="9.01329"><ele>441.54</ele><time>2026-01-21T10:27:32.328716993Z</time></trkpt><trkpt lat="48.54096" lon="9.01329"><ele>441.47</ele><time>2026-01-21T10:27:33.322085023Z</time></trkpt><trkpt lat="48.54093" lon="9.01327"><ele>441.38</ele><time>2026-01-21T10:27:34.484179020Z</time></trkpt><trkpt lat="48.54089" lon="9.01324"><ele>441.29</ele><time>2026-01-21T10:27:35.387868047Z</time></trkpt><trkpt lat="48.54085" lon="9.01323"><ele>441.19</ele><time>2026-01-21T10:27:36.494634032Z</time></trkpt><trkpt lat="48.5408" lon="9.01321"><ele>441.09</ele><time>2026-01-21T10:27:37.484238982Z</time></trkpt><trkpt lat="48.54074" lon="9.01318"><ele>440.99</ele><time>2026-01-21T10:27:38.474547029Z</time></trkpt><trkpt lat="48.5407" lon="9.01316"><ele>440.89</ele><time>2026-01-21T10:27:39.493291020Z</time></trkpt><trkpt lat="48.54064" lon="9.01313"><ele>440.8</ele><time>2026-01-21T10:27:40.484192014Z</time></trkpt><trkpt lat="48.54061" lon="9.01311"><ele>440.71</ele><time>2026-01-21T10:27:41.515344024Z</time></trkpt><trkpt lat="48.54056" lon="9.0131"><ele>440.6</ele><time>2026-01-21T10:27:42.494701028Z</time></trkpt><trkpt lat="48.54052" lon="9.01307"><ele>440.47</ele><time>2026-01-21T10:27:43.483505964Z</time></trkpt><trkpt lat="48.54045" lon="9.01306"><ele>440.32</ele><time>2026-01-21T10:27:44.323312998Z</time></trkpt><trkpt lat="48.5404" lon="9.01304"><ele>440.14</ele><time>2026-01-21T10:27:45.494717956Z</time></trkpt><trkpt lat="48.54034" lon="9.013"><ele>439.94</ele><time>2026-01-21T10:27:46.405189037Z</time></trkpt><trkpt lat="48.54028" lon="9.01298"><ele>439.71</ele><time>2026-01-21T10:27:47.459841013Z</time></trkpt><trkpt lat="48.54021" lon="9.01297"><ele>439.47</ele><time>2026-01-21T10:27:48.494500041Z</time></trkpt><trkpt lat="48.54016" lon="9.01294"><ele>439.22</ele><time>2026-01-21T10:27:49.484354973Z</time></trkpt><trkpt lat="48.54012" lon="9.01294"><ele>438.94</ele><time>2026-01-21T10:27:50.473585010Z</time></trkpt><trkpt lat="48.54007" lon="9.01294"><ele>438.63</ele><time>2026-01-21T10:27:51.494472980Z</time></trkpt><trkpt lat="48.54005" lon="9.01295"><ele>438.27</ele><time>2026-01-21T10:27:52.514659047Z</time></trkpt><trkpt lat="48.54005" lon="9.01296"><ele>437.87</ele><time>2026-01-21T10:27:53.325420022Z</time></trkpt><trkpt lat="48.54004" lon="9.01297"><ele>437.87</ele><time>2026-01-21T10:27:54.436661005Z</time></trkpt><trkpt lat="48.54002" lon="9.01308"><ele>437.87</ele><time>2026-01-21T10:27:55.634477973Z</time></trkpt><trkpt lat="48.54002" lon="9.01315"><ele>436.59</ele><time>2026-01-21T10:27:56.654515028Z</time></trkpt><trkpt lat="48.54004" lon="9.01321"><ele>436.21</ele><time>2026-01-21T10:27:57.613914967Z</time></trkpt><trkpt lat="48.54006" lon="9.01328"><ele>435.9</ele><time>2026-01-21T10:27:58.544428945Z</time></trkpt><trkpt lat="48.54008" lon="9.01336"><ele>435.62</ele><time>2026-01-21T10:27:59.684718013Z</time></trkpt><trkpt lat="48.54011" lon="9.01345"><ele>435.35</ele><time>2026-01-21T10:28:00.583814979Z</time></trkpt><trkpt lat="48.54013" lon="9.01354"><ele>435.11</ele><time>2026-01-21T10:28:01.664420009Z</time></trkpt><trkpt lat="48.54015" lon="9.01361"><ele>434.87</ele><time>2026-01-21T10:28:02.684638977Z</time></trkpt><trkpt lat="48.54018" lon="9.01372"><ele>434.62</ele><time>2026-01-21T10:28:03.388571024Z</time></trkpt><trkpt lat="48.54019" lon="9.01377"><ele>434.36</ele><time>2026-01-21T10:28:04.442599058Z</time></trkpt><trkpt lat="48.54024" lon="9.01393"><ele>434.09</ele><time>2026-01-21T10:28:05.497143984Z</time></trkpt><trkpt lat="48.54026" lon="9.01404"><ele>433.79</ele><time>2026-01-21T10:28:06.349689007Z</time></trkpt><trkpt lat="48.54029" lon="9.01415"><ele>433.41</ele><time>2026-01-21T10:28:07.626410007Z</time></trkpt><trkpt lat="48.54033" lon="9.01427"><ele>433.0</ele><time>2026-01-21T10:28:08.680891037Z</time></trkpt><trkpt lat="48.54034" lon="9.01437"><ele>432.59</ele><time>2026-01-21T10:28:09.674461961Z</time></trkpt><trkpt lat="48.54067" lon="9.01541"><ele>432.16</ele><time>2026-01-21T14:12:18.536977053Z</time></trkpt></trkseg></trk></gpx>